# ************************************************************
# Sequel Pro SQL dump
# Version 4541
#
# http://www.sequelpro.com/
# https://github.com/sequelpro/sequelpro
#
# Host: 127.0.0.1 (MySQL 5.7.21)
# Database: eapi
# Generation Time: 2018-03-26 16:35:41 +0000
# ************************************************************


/*!40101 SET @OLD_CHARACTER_SET_CLIENT=@@CHARACTER_SET_CLIENT */;
/*!40101 SET @OLD_CHARACTER_SET_RESULTS=@@CHARACTER_SET_RESULTS */;
/*!40101 SET @OLD_COLLATION_CONNECTION=@@COLLATION_CONNECTION */;
/*!40101 SET NAMES utf8 */;
/*!40014 SET @OLD_FOREIGN_KEY_CHECKS=@@FOREIGN_KEY_CHECKS, FOREIGN_KEY_CHECKS=0 */;
/*!40101 SET @OLD_SQL_MODE=@@SQL_MODE, SQL_MODE='NO_AUTO_VALUE_ON_ZERO' */;
/*!40111 SET @OLD_SQL_NOTES=@@SQL_NOTES, SQL_NOTES=0 */;


# Dump of table migrations
# ------------------------------------------------------------

DROP TABLE IF EXISTS `migrations`;

CREATE TABLE `migrations` (
  `id` int(10) unsigned NOT NULL AUTO_INCREMENT,
  `migration` varchar(255) COLLATE utf8mb4_unicode_ci NOT NULL,
  `batch` int(11) NOT NULL,
  PRIMARY KEY (`id`)
) ENGINE=InnoDB DEFAULT CHARSET=utf8mb4 COLLATE=utf8mb4_unicode_ci;

LOCK TABLES `migrations` WRITE;
/*!40000 ALTER TABLE `migrations` DISABLE KEYS */;

INSERT INTO `migrations` (`id`, `migration`, `batch`)
VALUES
	(1,'2014_10_12_000000_create_users_table',1),
	(2,'2014_10_12_100000_create_password_resets_table',1),
	(3,'2018_03_26_150830_create_products_table',2),
	(4,'2018_03_26_152627_create_reviews_table',2);

/*!40000 ALTER TABLE `migrations` ENABLE KEYS */;
UNLOCK TABLES;


# Dump of table password_resets
# ------------------------------------------------------------

DROP TABLE IF EXISTS `password_resets`;

CREATE TABLE `password_resets` (
  `email` varchar(255) COLLATE utf8mb4_unicode_ci NOT NULL,
  `token` varchar(255) COLLATE utf8mb4_unicode_ci NOT NULL,
  `created_at` timestamp NULL DEFAULT NULL,
  KEY `password_resets_email_index` (`email`)
) ENGINE=InnoDB DEFAULT CHARSET=utf8mb4 COLLATE=utf8mb4_unicode_ci;



# Dump of table products
# ------------------------------------------------------------

DROP TABLE IF EXISTS `products`;

CREATE TABLE `products` (
  `id` int(10) unsigned NOT NULL AUTO_INCREMENT,
  `name` varchar(255) COLLATE utf8mb4_unicode_ci NOT NULL,
  `detail` text COLLATE utf8mb4_unicode_ci NOT NULL,
  `price` int(11) NOT NULL,
  `stock` int(11) NOT NULL,
  `discount` int(11) NOT NULL,
  `created_at` timestamp NULL DEFAULT NULL,
  `updated_at` timestamp NULL DEFAULT NULL,
  PRIMARY KEY (`id`)
) ENGINE=InnoDB DEFAULT CHARSET=utf8mb4 COLLATE=utf8mb4_unicode_ci;

LOCK TABLES `products` WRITE;
/*!40000 ALTER TABLE `products` DISABLE KEYS */;

INSERT INTO `products` (`id`, `name`, `detail`, `price`, `stock`, `discount`, `created_at`, `updated_at`)
VALUES
	(1,'facilis','Perferendis aut nulla nam ut praesentium eos modi pariatur. Placeat aut debitis ut ipsa laboriosam eaque officia. Ut maxime provident velit tenetur.',305,7,15,'2018-03-26 16:30:57','2018-03-26 16:30:57'),
	(2,'voluptas','Pariatur eum temporibus vitae est. Necessitatibus qui aspernatur quos est qui necessitatibus et commodi. Voluptas facere qui quae perferendis corrupti natus sit.',380,6,11,'2018-03-26 16:30:57','2018-03-26 16:30:57'),
	(3,'veniam','Non ad enim ullam velit ipsa quia illum. Voluptatem eos et eius et ut quia repellendus. Aut reiciendis suscipit dolores labore. Culpa suscipit quia eum maiores.',273,7,27,'2018-03-26 16:30:57','2018-03-26 16:30:57'),
	(4,'nesciunt','Consequatur explicabo ab dignissimos quia ducimus consequatur autem. Voluptas dolorem non ullam qui laboriosam atque porro. Nihil libero omnis sit aut culpa voluptates explicabo nesciunt. Voluptatem voluptatem officia voluptas doloribus aperiam.',428,1,10,'2018-03-26 16:30:57','2018-03-26 16:30:57'),
	(5,'atque','Asperiores placeat cupiditate voluptatem aut. Dolores est corporis necessitatibus laboriosam repudiandae distinctio. Praesentium perspiciatis cupiditate temporibus non.',500,0,6,'2018-03-26 16:30:57','2018-03-26 16:30:57'),
	(6,'ipsa','Maxime quidem distinctio explicabo dolor ducimus similique. Optio alias labore ex qui enim quaerat sit. Eos repudiandae quidem aut corporis nemo pariatur. Inventore cupiditate occaecati est laudantium ab rem possimus.',840,8,8,'2018-03-26 16:30:57','2018-03-26 16:30:57'),
	(7,'quidem','Porro id velit id ut et voluptates enim odit. Commodi ex sequi omnis nobis deserunt eum voluptas. Aliquid voluptatum sed totam dignissimos unde aut eveniet fugit.',414,8,20,'2018-03-26 16:30:58','2018-03-26 16:30:58'),
	(8,'deserunt','Voluptas ab sit ut et voluptate voluptas debitis iusto. Et quam minima repellendus id officiis occaecati. Est labore est dolor aut et eum occaecati doloribus. Debitis est aut quidem ab velit.',119,2,14,'2018-03-26 16:30:58','2018-03-26 16:30:58'),
	(9,'voluptatem','Eum a et reiciendis. Doloremque rem ut repellendus molestiae fuga. Sapiente cumque repellendus eos alias ab totam excepturi. Explicabo incidunt quaerat est.',702,1,5,'2018-03-26 16:30:58','2018-03-26 16:30:58'),
	(10,'dignissimos','Magnam quia omnis non atque autem dolores. Animi aut suscipit voluptatem ipsum quam et. Consequatur ex pariatur officiis asperiores. Quasi suscipit earum unde eveniet beatae.',978,5,18,'2018-03-26 16:30:58','2018-03-26 16:30:58'),
	(11,'provident','Dolorem asperiores soluta omnis incidunt occaecati. Mollitia sed soluta fuga incidunt nihil. Quod accusantium eos vel aperiam odio laboriosam excepturi. Corporis architecto quam aut sit.',604,7,16,'2018-03-26 16:30:58','2018-03-26 16:30:58'),
	(12,'eos','Laborum et soluta autem quidem. Perspiciatis occaecati sed qui quia doloremque est autem eius. Rerum iusto in nobis autem.',129,5,7,'2018-03-26 16:30:58','2018-03-26 16:30:58'),
	(13,'possimus','Ipsum dolorem quia in doloribus. Consequatur ut animi asperiores sit placeat nihil. Et rerum voluptas molestiae.',323,3,6,'2018-03-26 16:30:58','2018-03-26 16:30:58'),
	(14,'ea','Quisquam et aspernatur architecto velit consequatur optio. Omnis maxime magnam cupiditate quas rerum. Nam tempora sit sit et voluptatibus iusto voluptatem. Quo in sed commodi possimus dignissimos quo.',550,9,30,'2018-03-26 16:30:58','2018-03-26 16:30:58'),
	(15,'eos','Quo voluptas nostrum nihil dolorum est ratione quaerat. Sit id laborum ab quis nihil iste non dolore. Rerum ducimus veniam quo sit doloribus. Cum voluptas nam aliquam aliquam error aspernatur laboriosam.',811,7,15,'2018-03-26 16:30:58','2018-03-26 16:30:58'),
	(16,'eius','Eius natus qui deleniti ab nemo eum dolore. Officiis itaque recusandae debitis rerum officia commodi ea. Veritatis molestias qui voluptas perferendis autem natus quisquam commodi.',958,0,29,'2018-03-26 16:30:58','2018-03-26 16:30:58'),
	(17,'eligendi','Vitae voluptatem reiciendis repellat omnis provident. Aperiam dolores labore iusto cupiditate aperiam repudiandae mollitia. Quasi officia iusto eveniet officia animi ut dolor. Illo qui et minus esse eveniet et hic. Aut consequatur animi sequi officia voluptatem rerum quisquam.',333,7,16,'2018-03-26 16:30:58','2018-03-26 16:30:58'),
	(18,'totam','Aut ut sit neque sed sit. Minus aut vero nostrum cupiditate hic inventore consequatur. Facilis at sed repudiandae quas voluptatibus autem. Cum unde non repellat corrupti.',234,3,6,'2018-03-26 16:30:58','2018-03-26 16:30:58'),
	(19,'laborum','Doloremque sed quos aut molestias itaque nisi impedit. Quod voluptates quis deleniti incidunt. Optio exercitationem cumque rerum impedit natus expedita voluptatem. Explicabo accusantium adipisci officia amet nemo. Iusto sed ipsam ut molestias error.',911,2,22,'2018-03-26 16:30:58','2018-03-26 16:30:58'),
	(20,'totam','Dolor nam alias eveniet enim ducimus et quae porro. Iure inventore et cupiditate et. Corrupti et quibusdam itaque et quia aliquam. Reprehenderit sit natus accusantium fuga ut. Expedita fuga sint reprehenderit qui dolores et.',103,0,25,'2018-03-26 16:30:58','2018-03-26 16:30:58'),
	(21,'odio','Enim dolor eius suscipit necessitatibus ex quia. Nobis optio quas unde est. Labore fugit quia eligendi. Quos odio vitae quia voluptatem totam.',747,0,2,'2018-03-26 16:30:58','2018-03-26 16:30:58'),
	(22,'odit','Excepturi necessitatibus quis in atque deleniti voluptatum ab. Omnis ullam in delectus incidunt aspernatur voluptas maiores veniam. Et voluptatem qui asperiores. Labore placeat non sunt ducimus. Accusamus quae et distinctio id sapiente omnis unde.',913,2,12,'2018-03-26 16:30:58','2018-03-26 16:30:58'),
	(23,'perferendis','Qui soluta inventore voluptatem dicta. Esse veniam ut inventore. Vel minus et vel ad.',747,0,7,'2018-03-26 16:30:58','2018-03-26 16:30:58'),
	(24,'et','Eum delectus qui vel quibusdam rerum distinctio. Consequatur perferendis omnis aut iste incidunt maxime quia. Officia animi eveniet laudantium veniam culpa ut ipsum. Assumenda ipsum quia omnis eos eaque et. Reiciendis sapiente quo voluptatibus blanditiis architecto maxime aperiam.',958,4,11,'2018-03-26 16:30:58','2018-03-26 16:30:58'),
	(25,'sint','Nam ut non unde facilis odit. Dolorum sed soluta eos veniam fugit dignissimos numquam. Sint accusantium nulla voluptatem quo quia consequatur nam.',322,1,18,'2018-03-26 16:30:58','2018-03-26 16:30:58'),
	(26,'maiores','Ad iste eius excepturi aliquam expedita voluptatum. Iusto autem quisquam numquam. Ratione accusantium deleniti quia consectetur. Iure earum ut rerum.',974,9,11,'2018-03-26 16:30:58','2018-03-26 16:30:58'),
	(27,'saepe','Voluptatem non autem velit. Sapiente cum inventore et quis odio ea cumque. Aut ut fuga quia. Et fuga ab dolorem dolores repellat sed. Harum qui doloribus nemo cupiditate.',764,2,8,'2018-03-26 16:30:58','2018-03-26 16:30:58'),
	(28,'eum','Ut perspiciatis earum vel repellendus. Quam soluta cupiditate voluptas qui dolores. Quam ipsum eum perspiciatis inventore numquam voluptatem.',901,5,29,'2018-03-26 16:30:58','2018-03-26 16:30:58'),
	(29,'et','Sunt et quis asperiores non. Ea possimus quia perferendis dignissimos dolores nihil est aperiam. Libero officiis ratione ex odio consectetur. Aut perspiciatis nesciunt repellat assumenda neque excepturi.',667,7,8,'2018-03-26 16:30:58','2018-03-26 16:30:58'),
	(30,'neque','Ut est quia et facere quod nobis. Aliquid dolor molestiae amet quia voluptate in assumenda eos. Ipsa eos et numquam. Et iste molestiae rerum facere optio repellat hic.',647,9,3,'2018-03-26 16:30:58','2018-03-26 16:30:58'),
	(31,'sit','Quis magni expedita repellat voluptatem quam iusto. Porro fuga fuga atque autem qui mollitia. Tempora nam minima deserunt commodi nostrum cumque. Debitis sed quos harum at ratione est.',520,3,9,'2018-03-26 16:30:58','2018-03-26 16:30:58'),
	(32,'labore','Quia aliquam et in sit quia ducimus incidunt. Optio fuga eius dolor vel. Tempora dolorem aperiam fugiat sed sed cupiditate. Repudiandae magni porro et asperiores et et et.',859,1,4,'2018-03-26 16:30:58','2018-03-26 16:30:58'),
	(33,'in','Ea et vero eligendi molestiae exercitationem. Nihil sit ad dicta deserunt. Distinctio sed recusandae enim itaque suscipit enim enim.',296,6,17,'2018-03-26 16:30:58','2018-03-26 16:30:58'),
	(34,'labore','Quo dignissimos magni dolorem. Quos doloribus perspiciatis error reiciendis accusantium officiis. Enim excepturi aspernatur nihil similique doloremque repellat. Numquam ratione aperiam repellat aspernatur impedit hic.',788,2,29,'2018-03-26 16:30:58','2018-03-26 16:30:58'),
	(35,'facere','Rerum odio nostrum natus quia. Cum quia minima est in beatae dignissimos. Accusantium repellat dolor dolor porro magnam dolores eos.',833,3,14,'2018-03-26 16:30:58','2018-03-26 16:30:58'),
	(36,'magni','Aut minus provident est delectus. Dolor praesentium pariatur et aut ut delectus. Et nesciunt sunt praesentium ducimus neque sapiente sequi officiis.',957,0,15,'2018-03-26 16:30:58','2018-03-26 16:30:58'),
	(37,'autem','Perferendis quas nostrum porro error aliquid. Nihil voluptas possimus omnis a commodi ipsam ipsam. Vero aut perferendis et dolorem dolores qui. Impedit dolor omnis reprehenderit vitae.',157,3,21,'2018-03-26 16:30:58','2018-03-26 16:30:58'),
	(38,'perferendis','Officia quos vel et reprehenderit. Quis ipsam numquam facilis iusto ipsa nesciunt.',122,7,15,'2018-03-26 16:30:58','2018-03-26 16:30:58'),
	(39,'distinctio','Voluptatem et veritatis sed nostrum dicta sapiente. Voluptatem aut voluptatem occaecati architecto consequatur eum quaerat. Impedit cumque vel a dolores. Itaque eligendi ut adipisci aut accusamus quia delectus temporibus.',561,6,19,'2018-03-26 16:30:58','2018-03-26 16:30:58'),
	(40,'doloremque','Sunt et rerum natus in non. Ut non enim architecto sit error quo. Ullam dolore voluptatum autem excepturi cupiditate et quis. Praesentium maxime aut non sapiente reprehenderit.',269,7,29,'2018-03-26 16:30:58','2018-03-26 16:30:58'),
	(41,'eos','Et deserunt delectus iusto quos quae. Velit et dolorem ea illo minima et.',769,4,21,'2018-03-26 16:30:58','2018-03-26 16:30:58'),
	(42,'et','Amet totam maxime quod inventore ea architecto. Vero unde quidem quae qui vero voluptatem. Aut modi id ut eos dolor non vero.',810,8,13,'2018-03-26 16:30:58','2018-03-26 16:30:58'),
	(43,'sapiente','Natus optio beatae ipsam eum sit voluptates reiciendis. Ratione distinctio explicabo soluta voluptatem molestiae quas. Quia ut qui id voluptate consequuntur.',627,3,14,'2018-03-26 16:30:58','2018-03-26 16:30:58'),
	(44,'atque','Veritatis suscipit dignissimos culpa similique mollitia a distinctio. Dolore enim accusamus sed qui eos ducimus qui blanditiis. Aut dolor et voluptate natus est porro. Exercitationem excepturi id quibusdam.',556,8,13,'2018-03-26 16:30:58','2018-03-26 16:30:58'),
	(45,'cupiditate','Sapiente ducimus qui iusto. Et sed nam est quo illum quis. Sed dicta doloremque doloremque facere ex asperiores. Quos necessitatibus enim repudiandae error.',887,4,27,'2018-03-26 16:30:58','2018-03-26 16:30:58'),
	(46,'veniam','Voluptatem odio consequatur numquam delectus dolor. Error nam cupiditate quam autem provident cupiditate. Omnis provident qui autem eum architecto aliquid.',169,9,15,'2018-03-26 16:30:58','2018-03-26 16:30:58'),
	(47,'non','Non nulla in sint et. Qui dolores dolorem et sint praesentium id. Asperiores error excepturi deleniti voluptas. Sint necessitatibus similique vero qui voluptates.',318,4,7,'2018-03-26 16:30:58','2018-03-26 16:30:58'),
	(48,'id','Voluptas consequatur sunt recusandae a vel neque suscipit. Dolor cupiditate ullam animi voluptate eos dicta quis. Nisi officiis et error exercitationem ratione. Fugiat ipsa est debitis at accusamus. Fugit magni rerum dolorem possimus aliquid aspernatur praesentium.',408,6,18,'2018-03-26 16:30:58','2018-03-26 16:30:58'),
	(49,'odio','Laborum est aut dolorum ut maiores nobis qui. Quo est id ratione qui expedita cum.',970,0,9,'2018-03-26 16:30:58','2018-03-26 16:30:58'),
	(50,'voluptatem','Similique esse aut omnis minus sunt facere. Unde omnis natus eos voluptate vel. Aut a dolorem optio aliquid nisi ut sit. Harum dolores sint rerum non enim.',290,4,24,'2018-03-26 16:30:58','2018-03-26 16:30:58'),
	(51,'modi','Facilis ratione voluptate voluptatem esse. Veniam eius iure fugit. Numquam cum voluptatem nulla deserunt hic. Cupiditate delectus et eveniet autem. Eum ab placeat doloribus facere qui et animi.',835,2,4,'2018-03-26 16:32:23','2018-03-26 16:32:23'),
	(52,'error','Non voluptatibus quia sint nulla rem et. At iure blanditiis numquam.',317,1,20,'2018-03-26 16:32:23','2018-03-26 16:32:23'),
	(53,'eos','Rerum molestiae odio omnis. Et libero corporis error aut laborum. Saepe et aspernatur ut est omnis quas. Deserunt dolor et porro sunt eum quo.',748,1,18,'2018-03-26 16:32:23','2018-03-26 16:32:23'),
	(54,'placeat','Mollitia reiciendis provident facilis in cupiditate rerum quisquam. Provident id repellat consequatur. Id tenetur et et velit. Ducimus et reprehenderit repudiandae ipsam ut veniam fuga.',174,4,9,'2018-03-26 16:32:23','2018-03-26 16:32:23'),
	(55,'saepe','Temporibus aliquid est facilis cupiditate. Qui sed in et earum numquam incidunt beatae. Beatae incidunt dicta est delectus ea quis amet id.',491,4,19,'2018-03-26 16:32:23','2018-03-26 16:32:23'),
	(56,'aliquam','Ratione beatae in et dolorum. Dignissimos omnis quia est aut corporis nesciunt. Praesentium consequatur voluptatem aut ab nesciunt voluptas suscipit.',176,4,15,'2018-03-26 16:32:23','2018-03-26 16:32:23'),
	(57,'rerum','Rerum temporibus minus architecto sunt placeat. Velit occaecati molestias eaque corrupti eveniet id ex. A repellendus et saepe delectus voluptates animi ut. Repellendus excepturi nesciunt neque perspiciatis.',191,9,9,'2018-03-26 16:32:23','2018-03-26 16:32:23'),
	(58,'voluptate','Quos sint molestiae cupiditate eum qui. Impedit beatae dolores nihil. Exercitationem sit debitis ut sint ut facilis. Ducimus accusamus delectus aut est distinctio ut.',624,0,8,'2018-03-26 16:32:23','2018-03-26 16:32:23'),
	(59,'voluptatem','Officiis nisi repellat recusandae fugit voluptatem sed. Rem cum aut sunt voluptatum. Tempore in illo dolorem quo id.',804,0,26,'2018-03-26 16:32:23','2018-03-26 16:32:23'),
	(60,'iste','Ratione deserunt dolore pariatur voluptas quia aut. Quis non aut saepe maiores doloremque quibusdam.',959,3,9,'2018-03-26 16:32:23','2018-03-26 16:32:23'),
	(61,'iusto','Sit doloremque veritatis earum nobis. Rem quis possimus maiores dolorem nihil corrupti aut. Et qui autem modi corporis quo. Voluptatibus doloribus ut alias minus. Suscipit ea magni laboriosam libero.',613,1,18,'2018-03-26 16:32:23','2018-03-26 16:32:23'),
	(62,'dicta','Explicabo exercitationem aut fuga exercitationem eius omnis eum. Culpa maxime suscipit et architecto vel dolor. Hic neque accusamus nam nemo. Voluptas optio enim quibusdam rem.',152,2,16,'2018-03-26 16:32:23','2018-03-26 16:32:23'),
	(63,'placeat','Non ut unde voluptate est molestias. Vel ipsa voluptatibus vel unde tempora. Quia facilis voluptatem est suscipit quis quod ullam reiciendis. Repellendus tempora rem ut quas et totam. Ut deleniti aliquam modi ut.',728,4,4,'2018-03-26 16:32:23','2018-03-26 16:32:23'),
	(64,'delectus','Veritatis dolorum voluptas omnis aspernatur quo doloribus excepturi. Repellendus sapiente dolor fugit cupiditate. Enim perspiciatis voluptas autem deserunt nulla possimus. Aliquam ad modi qui minus sed cum.',138,8,2,'2018-03-26 16:32:23','2018-03-26 16:32:23'),
	(65,'sint','Pariatur inventore aut nihil neque cumque illo. Molestias qui quae laborum sunt dicta aut explicabo. Quod molestiae et totam consequatur quam est. Autem aspernatur sequi quo temporibus eaque.',133,2,21,'2018-03-26 16:32:23','2018-03-26 16:32:23'),
	(66,'molestiae','Deleniti beatae hic itaque id dolorum odit. Ad sit magni cupiditate animi. In est ipsa quaerat exercitationem.',218,5,25,'2018-03-26 16:32:23','2018-03-26 16:32:23'),
	(67,'aut','Quasi at et voluptatum rerum cum dolores. Eum sequi laboriosam ea id dicta doloremque dolorum. Rerum recusandae ex cum. Tenetur dolore architecto sunt.',918,3,21,'2018-03-26 16:32:23','2018-03-26 16:32:23'),
	(68,'architecto','Facere dolor in architecto exercitationem quibusdam necessitatibus. Minima sit rerum a minus et at. Autem consequatur est sed vel ex provident ut dignissimos.',108,8,2,'2018-03-26 16:32:23','2018-03-26 16:32:23'),
	(69,'qui','Ab a sint officiis est aut cupiditate. Ut minus deleniti voluptatem eum et ut delectus. Consequatur magnam natus error est.',521,8,10,'2018-03-26 16:32:23','2018-03-26 16:32:23'),
	(70,'eius','Ut animi dolor iusto dolore. Nisi repellat velit beatae deleniti. Sed sed dolor sit cupiditate molestias eaque aliquam facilis. Voluptate illum unde tempore eveniet magni.',440,5,3,'2018-03-26 16:32:23','2018-03-26 16:32:23'),
	(71,'qui','Nobis quidem veniam sit quam. Modi debitis nulla dolorem eos quo. Quis alias recusandae esse quibusdam et modi.',232,9,30,'2018-03-26 16:32:23','2018-03-26 16:32:23'),
	(72,'minus','Reiciendis nulla error deserunt fugit. Nostrum consequuntur sit non delectus voluptas quos. Qui et vitae quidem illum qui et.',135,4,27,'2018-03-26 16:32:23','2018-03-26 16:32:23'),
	(73,'quia','Praesentium qui temporibus optio provident magni. Aut dolor dolorum mollitia. Dolorum ab quisquam explicabo. Qui libero dolores sequi omnis. Vitae sit doloremque distinctio.',479,6,3,'2018-03-26 16:32:23','2018-03-26 16:32:23'),
	(74,'et','Est accusamus culpa voluptas nesciunt fugiat qui magnam. Non enim quaerat consequatur qui quod. Aut minus voluptas autem nihil dicta doloremque. Modi quaerat explicabo dolor reprehenderit. Esse minima dolor labore rerum id.',747,8,18,'2018-03-26 16:32:23','2018-03-26 16:32:23'),
	(75,'in','Quo modi porro blanditiis illo nesciunt et. Rerum consequuntur sequi vel voluptas molestias animi. At aliquam quidem quasi. Quia qui sequi cupiditate voluptatum.',526,8,15,'2018-03-26 16:32:23','2018-03-26 16:32:23'),
	(76,'veritatis','Debitis expedita voluptatem id sed optio qui architecto. Quis sit illum et debitis eligendi provident quidem.',364,5,24,'2018-03-26 16:32:23','2018-03-26 16:32:23'),
	(77,'quasi','Impedit repudiandae maiores rerum possimus numquam deserunt. Incidunt excepturi saepe hic ullam dolores aut. Repudiandae sit aut nemo quo eos molestiae. Culpa rerum quo cum accusantium.',857,7,12,'2018-03-26 16:32:23','2018-03-26 16:32:23'),
	(78,'sapiente','Autem aut mollitia alias harum et et quidem. Consequatur earum placeat qui dolorem. Commodi ipsa autem eligendi labore et.',380,8,11,'2018-03-26 16:32:23','2018-03-26 16:32:23'),
	(79,'laudantium','Sint magnam adipisci fugit esse quidem commodi. Voluptas qui numquam quae est modi sunt iusto. Dicta dolor aspernatur similique illo.',229,2,21,'2018-03-26 16:32:23','2018-03-26 16:32:23'),
	(80,'recusandae','Fugit est cupiditate tempora itaque impedit sit iusto ea. Facilis voluptatibus voluptatem voluptatem aut itaque.',832,3,8,'2018-03-26 16:32:23','2018-03-26 16:32:23'),
	(81,'qui','Quae sed velit aspernatur aliquam. Aut earum explicabo odio expedita rerum aut. Quia sunt perspiciatis rerum in molestiae aspernatur error.',510,8,14,'2018-03-26 16:32:23','2018-03-26 16:32:23'),
	(82,'vero','Est blanditiis est perferendis iure expedita quo asperiores. Fugit error illo reiciendis. Incidunt nobis aperiam molestiae voluptatem. Magnam aperiam et ullam sequi vitae officia.',946,6,29,'2018-03-26 16:32:23','2018-03-26 16:32:23'),
	(83,'odio','Ex magnam aspernatur ducimus quia blanditiis velit sunt. Aut dicta et illum cupiditate et excepturi. Optio eaque et quis consequatur beatae non.',610,2,19,'2018-03-26 16:32:23','2018-03-26 16:32:23'),
	(84,'praesentium','Quaerat qui eos rerum et explicabo ratione quia. Est et velit sapiente recusandae fugit necessitatibus sequi. Impedit vitae consequatur aut blanditiis.',363,9,15,'2018-03-26 16:32:23','2018-03-26 16:32:23'),
	(85,'sunt','Ea odit et et adipisci dolorem culpa. Odit aut praesentium sint. Voluptatem aliquid placeat nesciunt vitae recusandae omnis error.',653,7,13,'2018-03-26 16:32:23','2018-03-26 16:32:23'),
	(86,'voluptas','Laudantium voluptatem qui nam commodi in. Expedita corporis et est et. Unde odit neque quia omnis aut voluptatum.',341,2,16,'2018-03-26 16:32:23','2018-03-26 16:32:23'),
	(87,'cumque','Iste ratione est atque delectus at quasi. Fugit vel totam veritatis dolor. Iusto et omnis nobis sed eaque et. Laboriosam dignissimos qui corporis quam unde. Fuga harum ipsa at eaque eos maiores.',897,7,3,'2018-03-26 16:32:23','2018-03-26 16:32:23'),
	(88,'numquam','Voluptas et vero voluptatem ut suscipit officiis. Qui explicabo autem sapiente rerum qui nostrum.',860,6,20,'2018-03-26 16:32:23','2018-03-26 16:32:23'),
	(89,'et','Possimus repellat maxime ullam velit. Fuga cum aut ad repudiandae non ut odio.',362,4,6,'2018-03-26 16:32:23','2018-03-26 16:32:23'),
	(90,'est','Quos quos sequi eum sed rem aliquam corrupti. Atque tempore voluptas possimus consequatur sit rerum aut. Consectetur iure consequatur ratione aut.',143,8,5,'2018-03-26 16:32:23','2018-03-26 16:32:23'),
	(91,'nihil','Quos dicta ea maxime recusandae est enim qui at. Eum quisquam nobis numquam neque voluptas consequuntur eveniet. Reprehenderit et eum quod. Dolorum omnis suscipit similique molestias id vitae culpa.',120,2,15,'2018-03-26 16:32:23','2018-03-26 16:32:23'),
	(92,'sed','Adipisci beatae corrupti non doloribus fugit fuga. Placeat reiciendis dolorem dolores illum. Laborum libero aliquid saepe eum veniam nulla distinctio molestiae.',540,2,17,'2018-03-26 16:32:23','2018-03-26 16:32:23'),
	(93,'reiciendis','Aut nihil numquam quo similique molestiae quisquam. Voluptatem eos ipsa omnis. Temporibus adipisci officia odio laborum. Eveniet eaque repellat autem id aperiam omnis voluptatem repellat.',407,7,15,'2018-03-26 16:32:23','2018-03-26 16:32:23'),
	(94,'autem','Illum quo voluptatum corrupti quia. Odio deserunt excepturi assumenda molestias maiores. Delectus molestias numquam laboriosam eius. Qui quibusdam harum ea aperiam ipsum amet magni quaerat.',709,3,5,'2018-03-26 16:32:23','2018-03-26 16:32:23'),
	(95,'exercitationem','Voluptatum ex dolor laborum nulla esse aut natus eum. Architecto assumenda quas sapiente. Nisi recusandae odio recusandae. Quo quasi sint deserunt voluptatem et nam voluptas.',217,2,24,'2018-03-26 16:32:23','2018-03-26 16:32:23'),
	(96,'deleniti','Reiciendis autem ea aut vel et ut iure. Consequuntur quos aut beatae voluptatum aliquam sint sint. Quo ut ut consequuntur et beatae magni dolorum. Sint ea quia possimus delectus.',200,3,6,'2018-03-26 16:32:23','2018-03-26 16:32:23'),
	(97,'dolorem','Tenetur quos pariatur amet et. Sunt sint corporis libero. Et quae corporis adipisci dolore quis sapiente ad.',895,3,13,'2018-03-26 16:32:23','2018-03-26 16:32:23'),
	(98,'consequatur','Similique nesciunt aut sit odit in et. Quam quam pariatur hic sunt sit. Sit sapiente praesentium eius tempora et harum consequuntur et.',632,0,27,'2018-03-26 16:32:23','2018-03-26 16:32:23'),
	(99,'nihil','Ad accusamus sint labore id nemo tempora laudantium fugiat. Consectetur corrupti est reprehenderit et quisquam. Qui ab consequatur culpa occaecati rerum incidunt cupiditate sit. Et perferendis laboriosam sit incidunt ratione sequi inventore. Adipisci suscipit et nobis mollitia beatae deserunt.',890,3,24,'2018-03-26 16:32:23','2018-03-26 16:32:23'),
	(100,'adipisci','Est magni sunt et odio quaerat veritatis vitae. Error rerum voluptas ad ut. Et voluptas cumque ut in ut quas. Dignissimos asperiores et est voluptatibus.',735,6,19,'2018-03-26 16:32:23','2018-03-26 16:32:23');

/*!40000 ALTER TABLE `products` ENABLE KEYS */;
UNLOCK TABLES;


# Dump of table reviews
# ------------------------------------------------------------

DROP TABLE IF EXISTS `reviews`;

CREATE TABLE `reviews` (
  `id` int(10) unsigned NOT NULL AUTO_INCREMENT,
  `product_id` int(10) unsigned NOT NULL,
  `customer` varchar(255) COLLATE utf8mb4_unicode_ci NOT NULL,
  `review` text COLLATE utf8mb4_unicode_ci NOT NULL,
  `star` int(11) NOT NULL,
  `created_at` timestamp NULL DEFAULT NULL,
  `updated_at` timestamp NULL DEFAULT NULL,
  PRIMARY KEY (`id`),
  KEY `reviews_product_id_index` (`product_id`),
  CONSTRAINT `reviews_product_id_foreign` FOREIGN KEY (`product_id`) REFERENCES `products` (`id`) ON DELETE CASCADE
) ENGINE=InnoDB DEFAULT CHARSET=utf8mb4 COLLATE=utf8mb4_unicode_ci;

LOCK TABLES `reviews` WRITE;
/*!40000 ALTER TABLE `reviews` DISABLE KEYS */;

INSERT INTO `reviews` (`id`, `product_id`, `customer`, `review`, `star`, `created_at`, `updated_at`)
VALUES
	(1,50,'Miss Mabel Hyatt Sr.','Quo omnis ab qui voluptates beatae voluptates a. Atque suscipit necessitatibus quam corrupti voluptas laboriosam in.',4,'2018-03-26 16:32:25','2018-03-26 16:32:25'),
	(2,78,'Erna Schoen','Nulla alias nemo autem aut molestiae. Inventore vel voluptatem nostrum est. Consequatur labore excepturi voluptatem nihil maxime ut corrupti reprehenderit.',5,'2018-03-26 16:32:25','2018-03-26 16:32:25'),
	(3,86,'Raquel Littel III','Magnam et ut eligendi aliquid ut. Quaerat deleniti ad ea vitae. Numquam non autem totam et.',2,'2018-03-26 16:32:25','2018-03-26 16:32:25'),
	(4,79,'Mr. Salvador Lakin V','Recusandae adipisci dolor vero minima quaerat. Facere ea ratione illum fuga odit odio nihil. Minima quia harum magnam aut. Ipsum debitis consequuntur sit accusamus modi.',2,'2018-03-26 16:32:25','2018-03-26 16:32:25'),
	(5,45,'Liza Klein','Neque aut cupiditate impedit qui dolor doloremque molestiae. Ea delectus unde fugiat assumenda molestiae. Eum optio voluptas maxime commodi nobis animi similique.',5,'2018-03-26 16:32:25','2018-03-26 16:32:25'),
	(6,35,'Rebeka Okuneva','Blanditiis consequatur quo ut aliquam magnam rerum non. Quo a commodi delectus cupiditate harum repudiandae magni veritatis.',5,'2018-03-26 16:32:25','2018-03-26 16:32:25'),
	(7,29,'Mr. Tyson Russel V','Temporibus voluptates ducimus recusandae facilis voluptatibus est error. Praesentium libero nihil cupiditate ut. Quo dicta earum qui accusamus accusamus maiores. Quis accusantium totam ipsa quisquam voluptatem ea.',4,'2018-03-26 16:32:25','2018-03-26 16:32:25'),
	(8,8,'Edwardo Pagac DDS','Nobis cupiditate nam ipsa saepe sequi explicabo aliquid. Voluptatem maxime porro corrupti et alias.',5,'2018-03-26 16:32:25','2018-03-26 16:32:25'),
	(9,40,'Dr. Braeden Walter','Non optio expedita omnis consequuntur optio atque. Eos voluptas harum eveniet velit ut id. Eligendi expedita enim porro officia at sed. Eligendi ut suscipit voluptatum et. Voluptate nobis tempora porro totam consequatur quidem assumenda accusantium.',3,'2018-03-26 16:32:25','2018-03-26 16:32:25'),
	(10,86,'Jaida Little','Fugiat praesentium laboriosam repellendus iste dolor iste soluta qui. Magnam consequuntur velit doloribus veritatis earum eligendi nihil aperiam.',4,'2018-03-26 16:32:25','2018-03-26 16:32:25'),
	(11,40,'Dr. Madaline Leffler','Nihil aut ea enim officia aut voluptates soluta. Sunt eaque minus est esse omnis consectetur. Quibusdam rerum suscipit ex expedita a dolor cumque.',4,'2018-03-26 16:32:25','2018-03-26 16:32:25'),
	(12,7,'Miss Trisha Zieme V','Est qui dolore cumque odit magni est rerum. Quaerat vel sit beatae dignissimos quae. Excepturi laboriosam provident et voluptatem. Quia alias recusandae vel fugiat facere vel.',5,'2018-03-26 16:32:25','2018-03-26 16:32:25'),
	(13,21,'Leatha Von','Et reiciendis vitae repudiandae explicabo qui minus. Alias aut est ullam sapiente commodi et quod. Unde optio atque aliquid labore qui. In exercitationem et nihil quibusdam.',2,'2018-03-26 16:32:25','2018-03-26 16:32:25'),
	(14,78,'Ms. Maryjane Bogan','Inventore officiis et illum pariatur nostrum vel. Et magnam quia consequuntur sit aliquid. Quos eos eos corrupti ut sed.',2,'2018-03-26 16:32:25','2018-03-26 16:32:25'),
	(15,56,'Prof. Eileen Torp','Delectus aut quia eos ratione nisi quam velit perferendis. Et error sed sit. Et fuga enim ab harum magnam est culpa.',3,'2018-03-26 16:32:25','2018-03-26 16:32:25'),
	(16,30,'Dr. Angelo Cormier Jr.','Necessitatibus accusamus commodi quisquam. Distinctio nemo a praesentium veniam molestiae assumenda quia. Ut est qui et fugit aut dolorem. Hic rerum ab repellat est.',5,'2018-03-26 16:32:25','2018-03-26 16:32:25'),
	(17,26,'Eloise Kertzmann','Enim non ullam eos. Fugiat nesciunt culpa voluptas blanditiis eligendi. Reiciendis accusantium dicta iste. Accusamus magni quia et non non.',3,'2018-03-26 16:32:25','2018-03-26 16:32:25'),
	(18,45,'Chelsie Lynch','Quia aspernatur perspiciatis ipsa eaque quis. Architecto explicabo ipsum est eum. Et nobis nihil iste eos ut et.',5,'2018-03-26 16:32:25','2018-03-26 16:32:25'),
	(19,9,'Colton O\'Keefe','Dicta et repudiandae fuga beatae molestiae. Nisi nesciunt sed quis commodi minus ea ab.',2,'2018-03-26 16:32:25','2018-03-26 16:32:25'),
	(20,88,'Dr. Monserrate Mitchell I','Est qui vel velit impedit. Vero delectus qui voluptates nesciunt libero. Nostrum architecto facere et perferendis pariatur enim.',2,'2018-03-26 16:32:25','2018-03-26 16:32:25'),
	(21,80,'Frieda Greenfelder','Soluta aliquam eveniet commodi sint quis et eligendi. Magni adipisci perferendis magnam quis est. Rerum dolores officia aut qui fuga repellendus. A sit aspernatur est sed natus libero. Saepe et unde a tempora doloremque cupiditate quia.',5,'2018-03-26 16:32:25','2018-03-26 16:32:25'),
	(22,22,'Vicente White IV','Consequuntur consequatur consectetur tempora rerum perferendis sint. Maiores exercitationem tempore dolorum totam molestiae qui nisi placeat. Sed maxime alias reiciendis consequuntur aliquid.',3,'2018-03-26 16:32:25','2018-03-26 16:32:25'),
	(23,21,'Rod Schuster IV','Possimus modi laboriosam asperiores. Quam voluptates aut nulla velit ut dolores. Velit sint non quia voluptate repudiandae qui ut voluptatibus. Excepturi totam qui rerum excepturi veritatis nihil possimus. Ut deleniti quia autem minus ad quis.',2,'2018-03-26 16:32:25','2018-03-26 16:32:25'),
	(24,42,'Derrick Hartmann','Animi est dolores a vel. Aut sed illo vitae iusto nobis. Libero perspiciatis enim officiis vel eum assumenda.',5,'2018-03-26 16:32:25','2018-03-26 16:32:25'),
	(25,46,'Opal Langworth','Et blanditiis accusantium omnis ut. Quod magni et quasi dolore in. Placeat rerum totam nisi expedita quibusdam illum.',5,'2018-03-26 16:32:25','2018-03-26 16:32:25'),
	(26,89,'Prof. Nettie Gleichner','Quisquam ad explicabo in sequi at sit sunt. Et qui ducimus ea non autem nobis. Eligendi consectetur ea voluptatem molestias ipsum temporibus. Molestias odio corporis provident atque et nulla.',4,'2018-03-26 16:32:25','2018-03-26 16:32:25'),
	(27,65,'Ora Predovic','Aperiam distinctio nostrum suscipit veniam. Sed nesciunt aut recusandae itaque. Eligendi iure illum unde.',5,'2018-03-26 16:32:25','2018-03-26 16:32:25'),
	(28,47,'Prof. Mohammed Fadel','Error iure nesciunt dolorum dolorem quibusdam natus. Molestiae unde odio nobis dolore. Rerum temporibus vel nemo quia qui dolorem. Optio nemo aperiam et dolor. Voluptatem atque impedit quo necessitatibus voluptate modi.',4,'2018-03-26 16:32:25','2018-03-26 16:32:25'),
	(29,93,'Ms. Pink Mitchell','Corrupti numquam vel ut nemo qui. Perferendis recusandae amet nobis voluptates provident. Voluptas et qui est dignissimos cum.',2,'2018-03-26 16:32:25','2018-03-26 16:32:25'),
	(30,30,'Elvera Hyatt','Modi ullam perspiciatis reprehenderit illo est. Nesciunt quia blanditiis beatae magnam voluptates quas mollitia. Quo voluptatem laboriosam optio natus quisquam quos autem. Eum et inventore fugiat et est ducimus.',5,'2018-03-26 16:32:25','2018-03-26 16:32:25'),
	(31,42,'Prof. Jamaal Ritchie','Facilis aut quos incidunt rerum ut sequi et ullam. Maiores aut eos dolor deleniti neque voluptates cumque. Qui reiciendis qui voluptatem quam. Et sint veritatis dolore quibusdam quis.',4,'2018-03-26 16:32:25','2018-03-26 16:32:25'),
	(32,10,'Laney Fritsch','Ducimus quod voluptas dolorem expedita praesentium omnis quia. Vel doloribus aut et error provident quidem. Eveniet dolor nihil rerum reiciendis. Ut ut maiores vel sapiente.',5,'2018-03-26 16:32:25','2018-03-26 16:32:25'),
	(33,42,'Neil Beatty','Ut molestiae rem minima sunt autem. Et animi ipsum sit rerum. Et est repudiandae itaque sint. Quibusdam voluptate magnam iure.',4,'2018-03-26 16:32:25','2018-03-26 16:32:25'),
	(34,2,'Prof. Gerardo Lockman','Doloribus totam error non. Doloremque blanditiis alias praesentium rerum. Velit ut sed reiciendis deleniti perspiciatis rem tenetur. Nemo sit libero sit nulla itaque assumenda. Aut ea ut perferendis quibusdam vitae voluptatibus iure modi.',5,'2018-03-26 16:32:25','2018-03-26 16:32:25'),
	(35,19,'Dennis Pollich III','Et nulla possimus saepe eveniet aut praesentium aut. Facere placeat sint dolorum odio rem velit ut. Labore doloribus quidem eveniet ratione.',4,'2018-03-26 16:32:25','2018-03-26 16:32:25'),
	(36,49,'Juvenal Rosenbaum','Sequi est qui animi. Et saepe cupiditate et et et. Occaecati omnis et officia alias voluptatem repellat. Quasi aspernatur aliquid eos hic eius qui soluta.',4,'2018-03-26 16:32:25','2018-03-26 16:32:25'),
	(37,63,'Prof. Nakia Stiedemann','Magnam molestiae aut ut enim in quisquam. Laborum ipsum eum sed fugiat dolorum est magnam. Et alias harum doloremque eius maiores. Optio accusantium quia sequi sed quia.',2,'2018-03-26 16:32:25','2018-03-26 16:32:25'),
	(38,88,'Devonte Walter','Et sit aut ut cum laboriosam dolorem. Officia cupiditate asperiores optio non vel et. Dolores animi asperiores possimus voluptas sed animi.',2,'2018-03-26 16:32:25','2018-03-26 16:32:25'),
	(39,71,'Hosea Kuhn','Rerum dolorem vel et maiores totam. Ipsum fugit esse quaerat. Officiis occaecati similique quo impedit vel nulla est.',2,'2018-03-26 16:32:25','2018-03-26 16:32:25'),
	(40,40,'Jessy Schroeder I','Aut expedita odio dolor quis ullam. Nulla reprehenderit praesentium voluptas omnis dicta eos rerum autem. Nemo aliquid sunt est expedita eos esse.',5,'2018-03-26 16:32:25','2018-03-26 16:32:25'),
	(41,43,'Terrence Jenkins','Maxime doloremque illo quia nostrum omnis modi. Tempore placeat est quo ex totam voluptatum aut. Et voluptas sint voluptatem voluptas incidunt quod sed.',3,'2018-03-26 16:32:25','2018-03-26 16:32:25'),
	(42,87,'Janet Ondricka DVM','Est repudiandae nostrum deleniti dolor. Nemo autem provident distinctio. Quo porro aut nihil in enim officia et consequatur. Est animi officiis quaerat sequi delectus incidunt nesciunt dolorem.',4,'2018-03-26 16:32:25','2018-03-26 16:32:25'),
	(43,13,'Dr. Berta Anderson','Recusandae ab et sit ullam earum dolorem neque. Quo non quis adipisci ea sit eligendi. Minus non rerum vel illum.',3,'2018-03-26 16:32:25','2018-03-26 16:32:25'),
	(44,51,'Francisca Emmerich','Sint quo quis et et labore nihil rerum. Iure ut possimus ipsum quae voluptas. Vitae sunt aut et est fugiat in soluta. Voluptatem non voluptas eligendi qui.',3,'2018-03-26 16:32:25','2018-03-26 16:32:25'),
	(45,60,'Mr. Doug Padberg','Ullam alias accusamus delectus quidem ullam praesentium. Ipsum ipsam aut occaecati tenetur dicta. Accusantium magni qui nulla cupiditate ipsa. Illo est aut omnis in qui esse.',3,'2018-03-26 16:32:25','2018-03-26 16:32:25'),
	(46,27,'Astrid Daniel PhD','Labore totam est vel. Cupiditate sunt et ullam laborum dolorum. Occaecati laboriosam perferendis minus minus veniam nihil. Perferendis eum nesciunt nam consequatur saepe maiores earum.',4,'2018-03-26 16:32:25','2018-03-26 16:32:25'),
	(47,79,'Eileen Jacobs','Perspiciatis ipsa sit quia ipsum vero laudantium sunt. Et iusto ab ad eius ea non sed molestias. Ut consequatur iusto ad incidunt est reprehenderit rerum. Dolorem quas eius quibusdam placeat quia.',3,'2018-03-26 16:32:25','2018-03-26 16:32:25'),
	(48,17,'Melody Schuster','Laudantium sit necessitatibus at soluta. Dolore veritatis ea est et. Sint modi fugit sunt quis repellat. Est numquam quasi deleniti minus.',5,'2018-03-26 16:32:25','2018-03-26 16:32:25'),
	(49,11,'Rowan Hilll Jr.','Voluptatem neque incidunt consequatur recusandae sint. Et vero nulla molestiae.',2,'2018-03-26 16:32:25','2018-03-26 16:32:25'),
	(50,15,'Miss Caroline Buckridge II','Aut ea incidunt molestiae omnis quasi. Autem sapiente ad dignissimos porro et. Suscipit reprehenderit quidem in perspiciatis quis eum.',5,'2018-03-26 16:32:25','2018-03-26 16:32:25'),
	(51,12,'Britney Morar','Non debitis laudantium voluptates alias. Debitis et est sunt ut quia. Veritatis et ipsum voluptas magni est est itaque et. Quidem qui suscipit tempora sequi.',4,'2018-03-26 16:32:25','2018-03-26 16:32:25'),
	(52,74,'Ms. Karlee Ledner','Fuga et non voluptas. Ex aut hic consequuntur et eius voluptas est.',2,'2018-03-26 16:32:25','2018-03-26 16:32:25'),
	(53,75,'Jaron Upton','Sunt minus quia maiores vero ullam eveniet. Vero nihil quaerat facere dolores. Illo ducimus commodi ab odit. Ipsam omnis accusantium rem autem repudiandae.',3,'2018-03-26 16:32:25','2018-03-26 16:32:25'),
	(54,42,'Mr. Terrill Klein III','Eos eos perferendis perspiciatis aspernatur voluptatibus. Cumque dolores nulla neque voluptatum nihil. Quia cumque quae molestiae doloribus occaecati.',3,'2018-03-26 16:32:25','2018-03-26 16:32:25'),
	(55,69,'Archibald Johnston','Id deserunt ut ipsa explicabo asperiores enim. Velit animi quidem itaque blanditiis ea. Vitae odio facere exercitationem adipisci ut non.',5,'2018-03-26 16:32:25','2018-03-26 16:32:25'),
	(56,88,'Sammie Durgan II','Illum libero maiores aut omnis et. Beatae fugiat iste quia aut omnis. Quis voluptas dolore aut aut quisquam ipsam.',4,'2018-03-26 16:32:25','2018-03-26 16:32:25'),
	(57,55,'Ms. Alice Mosciski','Consequatur mollitia aut laboriosam est eum dolor velit. Accusantium a architecto magni non est est. Quia in rerum ad consequatur. Architecto et vel consequatur beatae quam.',5,'2018-03-26 16:32:25','2018-03-26 16:32:25'),
	(58,30,'Jazlyn Leannon','Omnis magnam aliquam ratione ea officiis eos. Dolorem ad commodi amet. At iure incidunt dolore eos.',2,'2018-03-26 16:32:25','2018-03-26 16:32:25'),
	(59,90,'Deja Rippin III','Ipsa ut voluptatibus officiis aut dolor. Tenetur qui est aut nihil quia excepturi molestiae. Beatae sequi excepturi ea omnis minima.',2,'2018-03-26 16:32:25','2018-03-26 16:32:25'),
	(60,89,'Earnest Russel','Ut consequatur minus distinctio dolor. Minima eum quos omnis et.',2,'2018-03-26 16:32:25','2018-03-26 16:32:25'),
	(61,88,'Arianna Effertz DVM','Enim omnis repellat nam aliquam possimus aperiam. Est aut aut harum ipsam iure doloremque at. Illo quae explicabo neque eveniet aspernatur vel architecto. Numquam veritatis dolore mollitia. Illum eligendi et dolorem reprehenderit enim necessitatibus perferendis.',3,'2018-03-26 16:32:25','2018-03-26 16:32:25'),
	(62,80,'Walton Pacocha','Iusto maxime deserunt placeat et quisquam quasi. Corporis ratione aut et perferendis. Nostrum commodi possimus sit nesciunt omnis.',5,'2018-03-26 16:32:25','2018-03-26 16:32:25'),
	(63,53,'Mr. Luigi Bauch','Quia doloribus dolorum ad ipsum. Et velit sunt cum dolor eum sequi consequatur. Et culpa autem sed repellat ex aut.',3,'2018-03-26 16:32:25','2018-03-26 16:32:25'),
	(64,13,'Harmony Sanford','Eius eaque maiores qui et enim at eum. Quasi omnis sit possimus rerum minus cumque. Doloribus velit similique aut.',2,'2018-03-26 16:32:25','2018-03-26 16:32:25'),
	(65,27,'Thalia Mohr V','Aut minus non et. Voluptatem consequatur debitis ea quos doloribus. Vel ut quibusdam doloribus omnis iusto et assumenda.',4,'2018-03-26 16:32:25','2018-03-26 16:32:25'),
	(66,9,'Soledad Russel','Quos excepturi accusamus totam. Omnis itaque excepturi non cumque odit officia itaque. Sed perferendis porro ad dicta molestiae ratione ea.',3,'2018-03-26 16:32:25','2018-03-26 16:32:25'),
	(67,84,'Salvatore Miller','Sit distinctio velit odio. Minus aut sunt quis culpa cupiditate quibusdam. Corporis soluta omnis nam molestiae. Eaque unde repellat ab facilis sint ab enim aut.',2,'2018-03-26 16:32:25','2018-03-26 16:32:25'),
	(68,84,'Prof. Oren Bosco','Veniam eius qui iusto debitis recusandae voluptatem sequi sit. Repudiandae voluptatem culpa magnam. Alias rerum repellendus rem rerum consequatur. Ut neque quibusdam et qui eos incidunt.',3,'2018-03-26 16:32:25','2018-03-26 16:32:25'),
	(69,58,'Emmie Rohan V','Doloribus asperiores sed at omnis libero recusandae. Culpa itaque perferendis odio eligendi quia sed. Eaque voluptas et rem sit.',5,'2018-03-26 16:32:25','2018-03-26 16:32:25'),
	(70,2,'Mr. Rollin Shanahan DVM','Assumenda qui animi ad dolorum. Eaque repellat sint est. Labore porro dolore libero aut. Mollitia porro maxime et magni. Dolores magnam est et dolores placeat suscipit consequatur.',4,'2018-03-26 16:32:25','2018-03-26 16:32:25'),
	(71,97,'Vito Hackett','Expedita voluptatum magnam quia ratione quam neque eos. Incidunt sed fugiat quia ut. Quam eum necessitatibus aperiam est. Et sit neque iste id quis quo.',2,'2018-03-26 16:32:25','2018-03-26 16:32:25'),
	(72,68,'Marcelle Halvorson','Eos beatae cum sint facilis soluta officiis. Qui voluptas voluptatem dignissimos molestiae minima aut omnis impedit. Aliquid quisquam animi non occaecati ut ut sit.',2,'2018-03-26 16:32:25','2018-03-26 16:32:25'),
	(73,43,'Prof. Jordy Lehner PhD','Occaecati corrupti natus est quia repellendus possimus deserunt. Et fugiat consequuntur omnis temporibus et maiores omnis.',5,'2018-03-26 16:32:25','2018-03-26 16:32:25'),
	(74,98,'Monique Runte','Modi sapiente quia reprehenderit laudantium eum. Aliquam earum aperiam qui ut saepe provident. Et est repellat culpa deserunt esse assumenda asperiores. Perspiciatis minus fugit vero ipsam repellendus.',2,'2018-03-26 16:32:25','2018-03-26 16:32:25'),
	(75,71,'Lia Towne','Reprehenderit laboriosam consectetur consequatur cupiditate praesentium et odit natus. Dolores beatae asperiores voluptas et. Voluptate ut rem et dolorem qui sunt.',3,'2018-03-26 16:32:25','2018-03-26 16:32:25'),
	(76,63,'Marie Hirthe Jr.','Sint vel aperiam iure. Rem aut modi quae facilis ratione et quia. Fugit beatae suscipit omnis.',3,'2018-03-26 16:32:25','2018-03-26 16:32:25'),
	(77,47,'Melisa Johns II','Cumque id aut dolore in maiores ratione quod. Eaque quis labore asperiores nisi error. Non qui ut libero est amet incidunt corporis. Autem illo porro rerum iure.',5,'2018-03-26 16:32:25','2018-03-26 16:32:25'),
	(78,24,'Alfred Larkin','Dolor et laborum non voluptatem. Voluptate dolores dolores quam odio delectus nulla consectetur. Odio aut natus necessitatibus tenetur reiciendis. Commodi autem explicabo quae incidunt similique animi qui.',3,'2018-03-26 16:32:25','2018-03-26 16:32:25'),
	(79,58,'Nicholas Gerhold','Aut sequi sint et earum ipsam. Similique quaerat sit dolorum minima quia omnis. Sequi animi hic dolor. Ipsum facilis officiis asperiores officiis libero quo vel.',5,'2018-03-26 16:32:25','2018-03-26 16:32:25'),
	(80,32,'Wilber Krajcik V','Laborum molestiae dolores explicabo saepe maiores vel iste. Quod et nesciunt mollitia enim aliquid. Id et occaecati et magnam aut nam.',3,'2018-03-26 16:32:25','2018-03-26 16:32:25'),
	(81,78,'Alexa Block','Dolores velit et voluptas quia. Qui impedit necessitatibus eius voluptates blanditiis qui deleniti beatae. Quidem eum neque est et est non. Iusto autem alias ea error. Sit perspiciatis facilis odio cupiditate et.',5,'2018-03-26 16:32:25','2018-03-26 16:32:25'),
	(82,52,'Ben Bauch','Molestiae quidem rerum sit. Ipsum eveniet tempore nisi voluptatibus dolorem accusamus eveniet. Et porro laudantium accusantium perferendis quis quam ullam delectus. Perspiciatis omnis velit nihil voluptas id quod eos.',2,'2018-03-26 16:32:25','2018-03-26 16:32:25'),
	(83,53,'Constantin Grant','Quia est quod modi impedit non doloribus unde. Repudiandae fuga aut at occaecati. Maiores enim dolorum sint non eos a optio. Dicta doloribus maiores et enim ex mollitia.',3,'2018-03-26 16:32:25','2018-03-26 16:32:25'),
	(84,66,'Arely Wiza','Asperiores laboriosam enim ea quisquam voluptatem. Itaque animi hic libero porro. Atque sunt sapiente harum sequi.',2,'2018-03-26 16:32:25','2018-03-26 16:32:25'),
	(85,59,'Cesar Zboncak','Deleniti debitis non odit amet est. Impedit et aliquam voluptatem et. Atque saepe repellendus id perferendis sit autem.',3,'2018-03-26 16:32:25','2018-03-26 16:32:25'),
	(86,26,'Uriah Welch','Dolore debitis culpa eos quaerat et minus. Modi adipisci id et quam voluptate est aperiam. Animi aliquam necessitatibus minus.',5,'2018-03-26 16:32:25','2018-03-26 16:32:25'),
	(87,24,'Junius Stark','Aut autem cumque voluptas voluptatem. Ipsa ut ea ut. Quod voluptatem quod explicabo quibusdam modi. Corrupti numquam ut labore dolores est dicta accusantium. Voluptatum aut ipsum expedita est repellendus dolores.',4,'2018-03-26 16:32:25','2018-03-26 16:32:25'),
	(88,67,'Gianni Block','In consectetur molestiae consequatur illo debitis. Eius enim vitae distinctio omnis. Quae sed ut sapiente optio temporibus quia debitis vitae.',3,'2018-03-26 16:32:25','2018-03-26 16:32:25'),
	(89,10,'Emiliano Hayes DDS','Praesentium fugiat cumque rerum amet quibusdam ipsa rerum ut. Accusamus consequatur porro distinctio asperiores alias fuga harum. Magni necessitatibus aliquid dolorem.',2,'2018-03-26 16:32:25','2018-03-26 16:32:25'),
	(90,64,'Mr. Forest Douglas','Beatae illum aut cumque error consequatur iste. Et neque aut quia corrupti soluta. Corporis exercitationem minus perspiciatis recusandae.',3,'2018-03-26 16:32:25','2018-03-26 16:32:25'),
	(91,50,'Asa Senger','Et voluptatem architecto dignissimos et dolor quis. Occaecati quae eaque est quae.',5,'2018-03-26 16:32:25','2018-03-26 16:32:25'),
	(92,14,'Lamont Jacobi V','Quas repellendus blanditiis eveniet natus. Maiores non eum atque ut eos voluptas nihil. Soluta blanditiis qui sint. Dolorum provident distinctio veniam. Similique quia quibusdam iste et praesentium et dignissimos.',4,'2018-03-26 16:32:25','2018-03-26 16:32:25'),
	(93,56,'Jules Brekke','Eligendi modi qui natus perspiciatis aut similique perspiciatis aut. Hic ea iure sint deleniti officiis dolores dolorem. Quasi et eos laborum eaque quo odit consequatur. Veniam quia praesentium ad.',3,'2018-03-26 16:32:25','2018-03-26 16:32:25'),
	(94,52,'Ms. Abbigail Corwin MD','Quis saepe adipisci doloremque sunt. Aperiam optio at aperiam nobis cum et. Qui itaque commodi numquam maiores voluptate. Fuga omnis ut illum quidem qui saepe minima eum.',5,'2018-03-26 16:32:25','2018-03-26 16:32:25'),
	(95,65,'Houston Prosacco','Dolores facere animi ipsam libero. Quod accusamus facere sunt excepturi corporis. Exercitationem alias id quibusdam officia temporibus dolores aut asperiores. Quaerat velit necessitatibus sed corrupti voluptatem amet.',3,'2018-03-26 16:32:25','2018-03-26 16:32:25'),
	(96,77,'Prof. Jeanie Altenwerth','Eos voluptatem sunt et dolores. Eos perspiciatis iste et perspiciatis voluptatem nulla. Ullam eum veniam similique unde laboriosam.',3,'2018-03-26 16:32:25','2018-03-26 16:32:25'),
	(97,55,'Shad Kohler','Eaque delectus praesentium temporibus libero aliquid maiores perferendis. Distinctio perspiciatis repudiandae et harum aperiam. Voluptatem illum ratione rerum distinctio a velit. Voluptatem odio quis corrupti harum.',2,'2018-03-26 16:32:25','2018-03-26 16:32:25'),
	(98,73,'Abraham Rogahn','Culpa doloremque magnam quis voluptatum repellendus voluptas. Magni voluptatibus voluptatibus voluptatem fugiat.',5,'2018-03-26 16:32:25','2018-03-26 16:32:25'),
	(99,1,'Mrs. Nichole Hansen IV','Adipisci quis ab debitis eligendi est ut. Dolorem laborum vel delectus soluta. Porro earum labore nulla quis et laboriosam aliquid.',3,'2018-03-26 16:32:25','2018-03-26 16:32:25'),
	(100,30,'Susana Collins','Et repudiandae dolor doloremque enim. Modi nihil laboriosam atque voluptatem consequuntur voluptatem. Voluptate qui velit quisquam itaque rerum corporis. Temporibus voluptatem libero sed non voluptatem minima quis.',4,'2018-03-26 16:32:25','2018-03-26 16:32:25'),
	(101,84,'Imani Torphy','Consectetur doloribus vel in facere hic delectus nam. Est ipsam fuga tenetur qui. Laboriosam odit laboriosam ex quis ab et. Nemo et quia repellat unde et voluptate dolorem.',4,'2018-03-26 16:32:25','2018-03-26 16:32:25'),
	(102,75,'Orland Kris','Quo deleniti ex aut odio occaecati corrupti incidunt. Labore rerum voluptatem ut mollitia. Eligendi quae quia quia.',2,'2018-03-26 16:32:25','2018-03-26 16:32:25'),
	(103,49,'Mr. Roderick Bernhard','Quaerat iusto dolores ipsa eum ut qui. Id id rerum corrupti eaque. Cupiditate aut molestias ut. Atque debitis dolores architecto sint temporibus occaecati et.',2,'2018-03-26 16:32:25','2018-03-26 16:32:25'),
	(104,85,'Alessandro Klein PhD','Rem voluptatibus ut perspiciatis dolorem consequatur id. Et dolorum numquam eligendi. Nemo non quibusdam aut repudiandae. Quis cum laborum voluptas et aut excepturi. Totam officiis cum non molestiae odit dicta.',4,'2018-03-26 16:32:25','2018-03-26 16:32:25'),
	(105,37,'Valentine Hand','Et architecto similique amet earum sint eligendi dicta. Voluptatem voluptatem beatae ut dolores ut excepturi inventore. Et nesciunt omnis fuga perferendis cum quas sed. Ducimus cumque voluptatem velit. Quas et nam accusamus qui perferendis quidem reprehenderit.',4,'2018-03-26 16:32:25','2018-03-26 16:32:25'),
	(106,10,'Dr. Carson Bahringer','Rerum quos minima architecto repellendus quasi. Soluta necessitatibus atque numquam quasi.',4,'2018-03-26 16:32:25','2018-03-26 16:32:25'),
	(107,14,'Fleta Leannon','At nesciunt libero culpa vel. Velit placeat nulla illum hic qui. Nemo aut nesciunt ut labore. Excepturi et voluptas sed ut dignissimos.',5,'2018-03-26 16:32:25','2018-03-26 16:32:25'),
	(108,22,'Roger Schumm III','Hic consequatur eum dolor. Laborum nulla quisquam nobis nihil. Molestiae occaecati debitis et nostrum et quo quae. Impedit quasi qui dignissimos autem.',3,'2018-03-26 16:32:25','2018-03-26 16:32:25'),
	(109,86,'Cade Kiehn','Eos cum sunt nihil. Veniam provident consectetur fuga doloribus temporibus aperiam culpa excepturi. Qui non quia aliquid ipsa totam dolorum. Sit aut vitae quis.',5,'2018-03-26 16:32:25','2018-03-26 16:32:25'),
	(110,33,'Isidro Zboncak','Aut facilis ut est sunt doloribus. Fuga est aliquid consequatur ea debitis et ut. Accusamus repudiandae voluptatem cumque voluptatibus occaecati at. Qui quia sed voluptate repellat eaque placeat deleniti.',5,'2018-03-26 16:32:25','2018-03-26 16:32:25'),
	(111,6,'Dr. Emmanuelle Mohr','Odio sit soluta optio deleniti blanditiis sunt. Accusamus dicta repellat sint et id voluptates enim. Ea vel ut earum rerum veritatis quas sit. Deserunt quis aut non culpa et veritatis vel.',5,'2018-03-26 16:32:25','2018-03-26 16:32:25'),
	(112,48,'Tracy Deckow','Quae libero minima et ut est. Quia est facilis odio. Quas velit vitae rerum possimus vero est.',2,'2018-03-26 16:32:25','2018-03-26 16:32:25'),
	(113,30,'Florence Haley','Beatae iusto occaecati laboriosam et fuga nesciunt beatae. Aut praesentium non autem temporibus iure. Rerum mollitia eligendi excepturi et maiores earum possimus. Debitis ratione aut id ratione unde.',5,'2018-03-26 16:32:25','2018-03-26 16:32:25'),
	(114,29,'Dr. Eldridge Kling','Cum fugit esse rerum dolores. Aut aliquid molestiae praesentium. Voluptatem distinctio est quo ut autem nulla rerum. Et ratione commodi et in excepturi consequatur ut nihil.',5,'2018-03-26 16:32:25','2018-03-26 16:32:25'),
	(115,6,'Dr. Ashleigh Schoen','Sint a itaque commodi dolorem aliquam quis. Rerum ab incidunt et cupiditate. Fuga iste mollitia sint est ut.',3,'2018-03-26 16:32:25','2018-03-26 16:32:25'),
	(116,43,'Kiel Murazik','Aut molestiae atque delectus aut itaque molestias. Architecto exercitationem est maxime. Necessitatibus impedit nam labore placeat in laudantium. Neque enim sint quam quisquam expedita. Reprehenderit deleniti molestias et impedit maxime.',5,'2018-03-26 16:32:25','2018-03-26 16:32:25'),
	(117,84,'Neil Legros','Officiis tenetur qui et ipsam. Voluptas recusandae et consequatur non soluta dolore ut quam. Facilis ut odit velit et enim.',2,'2018-03-26 16:32:25','2018-03-26 16:32:25'),
	(118,54,'Mrs. Tamia Barrows','Quis dignissimos dolorem mollitia placeat officiis. Facere labore omnis voluptatum reprehenderit sequi laboriosam aperiam ut. Et et animi voluptas adipisci consequatur totam aperiam adipisci. Facilis et dicta consequatur fugiat quisquam dolorum mollitia quas.',4,'2018-03-26 16:32:25','2018-03-26 16:32:25'),
	(119,6,'Mr. Clyde Bauch III','Unde qui distinctio expedita quidem voluptate. Unde aperiam numquam nobis quae. Provident ex est natus quos et molestiae ea. Dolores enim corrupti dolorem a doloribus labore.',4,'2018-03-26 16:32:25','2018-03-26 16:32:25'),
	(120,62,'Doyle O\'Keefe','Repellendus accusantium laborum provident rerum cupiditate culpa rem. Esse doloribus nam aperiam ad vel voluptatibus. Ea itaque in quam harum sed aliquid est. Nisi similique et impedit voluptatibus eligendi.',4,'2018-03-26 16:32:25','2018-03-26 16:32:25'),
	(121,97,'Fleta Langworth','Maiores optio omnis perferendis voluptate earum vitae est porro. Quos fuga aut culpa dicta non cupiditate. Aut non sit delectus qui repellendus. Hic quia illo aut porro.',2,'2018-03-26 16:32:25','2018-03-26 16:32:25'),
	(122,32,'Cole McLaughlin','Impedit mollitia odit exercitationem ut dignissimos eum impedit doloremque. Odit veritatis consequuntur architecto quo asperiores.',3,'2018-03-26 16:32:25','2018-03-26 16:32:25'),
	(123,80,'Hillard Champlin DDS','Odio voluptates magnam consequatur et vitae aut voluptate. Qui tempora voluptas laborum nam debitis sunt. Fuga eveniet sunt et facere quibusdam deleniti cum. Sapiente omnis itaque rem ullam autem enim ullam.',2,'2018-03-26 16:32:25','2018-03-26 16:32:25'),
	(124,81,'Rocio Bosco','Hic quod qui et architecto veniam qui alias. Eaque quos quia velit voluptas quibusdam qui rerum assumenda. Ducimus in voluptatem minus magnam qui ipsa. Veniam neque aspernatur voluptatem quidem.',2,'2018-03-26 16:32:25','2018-03-26 16:32:25'),
	(125,5,'Ulices Gulgowski I','In ut sit reiciendis iure tempore voluptatem. Dolore tempora voluptas soluta quisquam praesentium consequatur sed.',3,'2018-03-26 16:32:25','2018-03-26 16:32:25'),
	(126,64,'Aryanna Klocko','Itaque voluptatem aut ut tenetur quod dignissimos. Aut enim impedit rerum consectetur et in laboriosam. Et eveniet vel doloremque et ea quis. Ducimus sint iure consectetur non et deleniti. Quidem voluptas sed impedit ducimus ut.',2,'2018-03-26 16:32:25','2018-03-26 16:32:25'),
	(127,46,'Jenifer Kris','Officia molestiae tempora adipisci dolorem. Voluptatibus voluptate impedit rerum consequatur quo. Eveniet suscipit voluptates sed. Qui quod nihil distinctio voluptatem autem nesciunt recusandae.',5,'2018-03-26 16:32:25','2018-03-26 16:32:25'),
	(128,9,'Lucile Will III','Dolorum adipisci et et a necessitatibus nihil. Consequatur delectus est quas velit sunt molestiae. Quis sequi dignissimos in veritatis pariatur porro.',4,'2018-03-26 16:32:25','2018-03-26 16:32:25'),
	(129,100,'Mrs. Bernadine Rippin','Quod incidunt maxime dolores ipsam accusantium repudiandae quisquam. Qui est modi dolorum labore. Quae aspernatur enim eos fugiat aut.',5,'2018-03-26 16:32:25','2018-03-26 16:32:25'),
	(130,48,'Prof. Brody Murphy DVM','Libero rerum deserunt enim delectus aut. Incidunt praesentium tempore praesentium hic nobis. Sed quisquam aliquam illo minima. Voluptatibus dignissimos officia aut.',3,'2018-03-26 16:32:25','2018-03-26 16:32:25'),
	(131,76,'Prof. Chaz Mohr','Ullam labore quidem quo reiciendis eum laboriosam doloribus tempora. Adipisci eius delectus nihil vero quasi ullam. Et corporis atque saepe qui id cum. Sunt id numquam laboriosam placeat ad eveniet aut.',4,'2018-03-26 16:32:25','2018-03-26 16:32:25'),
	(132,83,'Velda Waters III','Iusto voluptas pariatur accusantium odit sunt. Voluptatem aut necessitatibus eveniet at. Repellat nesciunt neque voluptatem placeat. Maiores quis placeat similique assumenda ab.',4,'2018-03-26 16:32:25','2018-03-26 16:32:25'),
	(133,98,'Valerie DuBuque','Et facere et ipsa aut molestiae facere. Perferendis incidunt autem cum excepturi. Maxime non nam et est. Culpa molestiae sapiente et totam architecto omnis aut.',3,'2018-03-26 16:32:25','2018-03-26 16:32:25'),
	(134,30,'Broderick Gislason','Sit voluptatem quidem qui omnis dolor magni quasi. Dolorem autem odit ullam velit omnis minima sit consequatur. Ea et qui omnis quia facere omnis quibusdam. Ut sapiente velit illo et cumque. Soluta et ea tempore quia expedita eveniet libero et.',4,'2018-03-26 16:32:25','2018-03-26 16:32:25'),
	(135,51,'Karlee Trantow','Omnis laudantium soluta aut quia similique laboriosam. Velit blanditiis officiis rerum. Esse tempora suscipit aut voluptatum. Molestiae harum explicabo omnis itaque tempore corrupti error et.',5,'2018-03-26 16:32:25','2018-03-26 16:32:25'),
	(136,44,'Terry Boyle','Veniam odit doloribus quibusdam ut ipsa sint consequatur. Sit ratione commodi totam accusantium sit. Quod veritatis perspiciatis laborum excepturi iure et dignissimos et.',2,'2018-03-26 16:32:25','2018-03-26 16:32:25'),
	(137,90,'Lauren Hirthe','Ex sint mollitia adipisci consequatur. Perspiciatis eum maxime ut culpa minima enim. Et quia facere eaque reprehenderit. Fugit saepe laborum ipsa ut.',5,'2018-03-26 16:32:25','2018-03-26 16:32:25'),
	(138,77,'Marjolaine Cremin','Sunt quis non aut quibusdam. Doloribus perferendis voluptatum voluptatem laborum. Quas inventore sunt nihil laborum ea quis.',5,'2018-03-26 16:32:25','2018-03-26 16:32:25'),
	(139,34,'Prof. Adalberto Hettinger Sr.','Quisquam adipisci est repellendus inventore dolore nihil exercitationem. Voluptas in in ut magni. Voluptatem velit omnis consequatur impedit exercitationem enim deleniti eaque.',4,'2018-03-26 16:32:25','2018-03-26 16:32:25'),
	(140,76,'Prof. Devonte Torp','Et illo eos laudantium ducimus sit. Aliquam placeat et officia non et. Harum autem sit laboriosam.',5,'2018-03-26 16:32:25','2018-03-26 16:32:25'),
	(141,86,'Helene Kovacek','Ut ipsam adipisci nihil laborum expedita nihil et. Quis ut beatae cupiditate rerum sit cupiditate.',4,'2018-03-26 16:32:25','2018-03-26 16:32:25'),
	(142,97,'Dr. Davonte Stroman III','Quo sunt qui ut aut sed et. Eum molestiae amet ad voluptas. In aut molestias dicta eligendi sit. Nostrum eum voluptas atque non a voluptatem. Minima error tempore exercitationem illo quia tempore.',5,'2018-03-26 16:32:25','2018-03-26 16:32:25'),
	(143,8,'Kelly Wolff II','Eum sed nam ullam nulla. Atque occaecati cumque est maxime aut optio. Eveniet optio dicta quibusdam repellendus tenetur ea et voluptatem. Itaque quo pariatur dolores magni commodi et dignissimos ea.',5,'2018-03-26 16:32:25','2018-03-26 16:32:25'),
	(144,30,'Israel Reichert','Ad incidunt suscipit esse mollitia voluptas distinctio et. Commodi cupiditate ea dicta iusto nostrum. Quia necessitatibus quae ut odit voluptas qui rerum. Quis dolores eos voluptas deserunt. Doloremque minima aliquid molestiae vitae.',3,'2018-03-26 16:32:25','2018-03-26 16:32:25'),
	(145,15,'Chaya Stamm V','Maiores sequi et iure at ipsa. Quos iure officia provident est. Qui asperiores animi aut omnis. Molestiae accusantium minima quia incidunt eligendi ipsum at.',4,'2018-03-26 16:32:25','2018-03-26 16:32:25'),
	(146,90,'General Tremblay','Ut occaecati aut cupiditate et. Quae consequatur autem sunt nobis eaque. Cupiditate fugiat possimus repellendus minus rerum ut vitae sed.',3,'2018-03-26 16:32:25','2018-03-26 16:32:25'),
	(147,74,'Marjory Paucek DDS','Numquam eum laborum nulla labore ea. Dolores totam aut quas atque qui. Nobis occaecati asperiores quasi error voluptas et quasi. Qui accusantium est minima qui odio aut.',3,'2018-03-26 16:32:25','2018-03-26 16:32:25'),
	(148,5,'Prof. Thalia Emard Sr.','Consequatur excepturi excepturi magni laborum a. Perspiciatis deleniti aspernatur non hic velit. Doloremque consequuntur molestiae praesentium in iusto. Dolores delectus molestiae aliquam labore consequatur laudantium.',5,'2018-03-26 16:32:25','2018-03-26 16:32:25'),
	(149,2,'Deion Block','Officiis velit labore rerum qui in nulla. Consequatur quo ab dolor temporibus qui. Quo aperiam non velit ea. Optio ducimus ab sit doloribus odit ut in.',4,'2018-03-26 16:32:25','2018-03-26 16:32:25'),
	(150,78,'Letitia Anderson','Nobis optio neque velit perferendis consequuntur minima amet. Ad sit magni dolorem recusandae quae molestiae nostrum assumenda. Mollitia quis velit et repellendus quod aut ea.',4,'2018-03-26 16:32:25','2018-03-26 16:32:25'),
	(151,4,'Verna D\'Amore','Praesentium eos consequuntur id quia commodi pariatur id. Rerum et non sit facere nihil ad ea accusamus. Rem eaque incidunt libero consequatur qui. Magnam vitae sed qui temporibus.',2,'2018-03-26 16:32:25','2018-03-26 16:32:25'),
	(152,54,'Pearline Lang DVM','Quia ea eius iure maxime dolores omnis. Dolores quas cum quia et harum sequi rem. Placeat culpa assumenda non.',2,'2018-03-26 16:32:25','2018-03-26 16:32:25'),
	(153,24,'Randall Marvin','Temporibus occaecati sint impedit aperiam. Non voluptatem aut cum facere dolorum illum. Est ipsa nostrum qui eum voluptate voluptates consequatur. Veritatis quia cum repudiandae quisquam provident dolorum.',3,'2018-03-26 16:32:25','2018-03-26 16:32:25'),
	(154,87,'Henriette Ryan','Minus qui omnis perferendis et quia. Nisi distinctio omnis et quae pariatur. Molestias quas ea est reiciendis sint.',5,'2018-03-26 16:32:25','2018-03-26 16:32:25'),
	(155,12,'Watson Gusikowski','Qui blanditiis et numquam deserunt minus. Sequi quod id dolorem cum molestias voluptatem. Nihil veritatis est facere rerum.',3,'2018-03-26 16:32:25','2018-03-26 16:32:25'),
	(156,88,'Lukas Mayer','Aut sit aut reprehenderit ipsam deserunt quia cumque sed. Error quia sed minus soluta deleniti ipsum. Qui fuga sint doloribus est. Et est est sed accusamus iste quia.',3,'2018-03-26 16:32:25','2018-03-26 16:32:25'),
	(157,28,'Prof. Juvenal Fay','Delectus voluptas laborum enim voluptas debitis. Nihil et corrupti aut dolores. Unde est aperiam deserunt sed. Sed ea consequatur itaque eum.',2,'2018-03-26 16:32:25','2018-03-26 16:32:25'),
	(158,77,'Kim Schimmel','Eum nesciunt laboriosam repudiandae est quia sit. Corrupti magnam nemo assumenda tempora molestias est veritatis voluptatem. Sunt rerum reprehenderit et consequatur aut natus iste.',4,'2018-03-26 16:32:25','2018-03-26 16:32:25'),
	(159,40,'Kelley Gleason','Eum quia voluptas ipsum necessitatibus quas sapiente. Veritatis natus provident et voluptatem est doloribus quis. Explicabo eum quaerat tenetur voluptatum sequi.',3,'2018-03-26 16:32:25','2018-03-26 16:32:25'),
	(160,72,'Kenna Morissette','Itaque sed quae autem incidunt veniam provident. Et soluta ex facere vitae laboriosam. Quo sint laborum vitae blanditiis voluptatem minima quo.',2,'2018-03-26 16:32:25','2018-03-26 16:32:25'),
	(161,5,'Camila Huel','Qui laudantium similique sequi quod omnis. Iure nihil aut praesentium vitae. Nobis voluptatem recusandae adipisci non enim est natus.',5,'2018-03-26 16:32:25','2018-03-26 16:32:25'),
	(162,83,'Mrs. Eulalia Turcotte','Ratione hic facilis pariatur dolorem. Blanditiis accusantium hic quod et voluptas ex. Ut in id magnam. Quos cum quia voluptatem est. Repellat nesciunt quo qui.',2,'2018-03-26 16:32:25','2018-03-26 16:32:25'),
	(163,97,'Louie Keeling Jr.','Rerum accusantium fugit non et dolorum autem ut. Occaecati illo eum itaque dolor. Quia placeat nulla hic.',5,'2018-03-26 16:32:25','2018-03-26 16:32:25'),
	(164,65,'Daren Block','Temporibus corrupti est recusandae velit molestiae. Expedita repellendus vel doloribus consequuntur optio. Quod amet voluptatem aut perferendis perferendis dignissimos. Omnis labore quasi nemo soluta perferendis.',5,'2018-03-26 16:32:25','2018-03-26 16:32:25'),
	(165,66,'Johnny Oberbrunner','Qui praesentium officiis alias eligendi sit. Impedit non distinctio vitae aut dolor labore in. Nesciunt voluptas iste sed voluptas nostrum consequatur.',4,'2018-03-26 16:32:25','2018-03-26 16:32:25'),
	(166,14,'Chauncey Bednar','Est accusamus consectetur eaque molestias nostrum ut qui quis. Quasi ut earum molestiae odit. Suscipit quas aut mollitia quo molestias quo. Excepturi nihil iusto esse doloremque.',3,'2018-03-26 16:32:25','2018-03-26 16:32:25'),
	(167,60,'Citlalli Kertzmann','Iusto sequi nemo quae quia reprehenderit minus omnis. Quae molestiae dolor excepturi nihil dolorem excepturi.',4,'2018-03-26 16:32:25','2018-03-26 16:32:25'),
	(168,55,'Monserrate Kunde','Deleniti similique sint recusandae ut ipsam sunt autem. Id necessitatibus consequatur et. Voluptatem nam sequi et vero amet ut sed.',2,'2018-03-26 16:32:25','2018-03-26 16:32:25'),
	(169,10,'Mr. Austin Stanton V','Corporis natus rerum esse quo sed ipsa eum. Ut id optio libero sed rem accusantium. Dignissimos aut enim qui iure qui.',5,'2018-03-26 16:32:25','2018-03-26 16:32:25'),
	(170,38,'Perry Dietrich','Sed sit voluptatem pariatur quia voluptatem delectus. Sunt molestias corporis quia totam dolorem et et quae. Temporibus suscipit consequuntur tempora eum sunt voluptatem enim.',4,'2018-03-26 16:32:25','2018-03-26 16:32:25'),
	(171,70,'Stacey West DVM','Perspiciatis voluptas sapiente ut provident aut odit. Delectus inventore consequatur unde laboriosam repellat officiis.',2,'2018-03-26 16:32:25','2018-03-26 16:32:25'),
	(172,52,'Idell Ratke','Velit sapiente officia dolorum architecto aspernatur ut. Deserunt distinctio aliquid nostrum laborum in. Reprehenderit quisquam maxime et sit vel.',5,'2018-03-26 16:32:25','2018-03-26 16:32:25'),
	(173,95,'Dr. Paxton Schroeder','Consequuntur vero non necessitatibus dolorum. Quis blanditiis eos molestiae voluptate. Ullam qui sed ad est quo reprehenderit ut.',5,'2018-03-26 16:32:25','2018-03-26 16:32:25'),
	(174,52,'Kathryne Kutch','Et enim voluptates quia distinctio at officiis qui doloribus. Eligendi culpa quis et quo sequi. Vel atque est dignissimos doloremque.',3,'2018-03-26 16:32:25','2018-03-26 16:32:25'),
	(175,88,'Clemmie King','Ea consequatur exercitationem quia et temporibus velit soluta. Molestias vel perspiciatis rerum deleniti. Aut soluta et debitis sit error magnam deserunt. Explicabo accusantium aut at voluptatum.',2,'2018-03-26 16:32:25','2018-03-26 16:32:25'),
	(176,53,'Helen Marks','Suscipit minus magnam perspiciatis reprehenderit cumque doloribus. Doloribus dolores qui unde et. Deserunt accusamus natus rerum nihil.',4,'2018-03-26 16:32:25','2018-03-26 16:32:25'),
	(177,39,'Dax Emard','Ex molestiae totam ullam iste expedita tempora. Dignissimos dolorem et possimus quod neque unde minus. Atque ad nihil repudiandae dolorem.',2,'2018-03-26 16:32:25','2018-03-26 16:32:25'),
	(178,74,'Cecelia Stiedemann','Pariatur odit voluptates nihil accusantium. Dolor atque voluptatem mollitia. Maiores aut et aut quidem est et minima voluptatibus.',5,'2018-03-26 16:32:25','2018-03-26 16:32:25'),
	(179,28,'Lora Barton','Nesciunt libero est earum veritatis. Doloremque reiciendis vel adipisci quia amet illum enim. Veniam odit cupiditate alias ut saepe exercitationem. Sit voluptas id esse vero.',2,'2018-03-26 16:32:25','2018-03-26 16:32:25'),
	(180,81,'Frederique Mitchell','Dignissimos ea quis nobis praesentium ullam vitae ut. Qui deserunt totam error nesciunt qui omnis iste voluptates. Incidunt quia debitis dolores dolorem numquam ut.',4,'2018-03-26 16:32:25','2018-03-26 16:32:25'),
	(181,43,'Miss Noelia Huel III','Odio minima reiciendis architecto ut consequuntur dolores. Explicabo quis est eaque est nemo.',3,'2018-03-26 16:32:25','2018-03-26 16:32:25'),
	(182,77,'Kristian Hegmann','Ullam fuga repudiandae voluptatum quia eius. Sunt modi magni modi earum modi labore magnam. Minus vel distinctio ipsum est assumenda rerum consectetur. Impedit ex laborum laudantium possimus.',3,'2018-03-26 16:32:25','2018-03-26 16:32:25'),
	(183,82,'Sylvester Spencer','Asperiores molestiae fugiat tenetur qui est qui autem. Qui quia nesciunt minima pariatur laborum. Quidem atque quis rerum iusto iste deleniti.',3,'2018-03-26 16:32:25','2018-03-26 16:32:25'),
	(184,93,'Kaci Ward DDS','Suscipit numquam quisquam et ut consequatur ex. Sit quos natus omnis iste eos iure cumque aut. Ad est quia sint consequatur et ea. Qui excepturi aperiam est dolor qui vel.',2,'2018-03-26 16:32:25','2018-03-26 16:32:25'),
	(185,36,'Mallory Rice','Eum voluptas eum architecto et et sapiente esse. Consequatur sit ut earum voluptatem hic dolor dolore. Accusantium iusto in voluptatem. Aut autem sapiente quas sunt ut.',4,'2018-03-26 16:32:25','2018-03-26 16:32:25'),
	(186,15,'Estell Halvorson','Illum cumque facere eaque quos velit. Accusamus qui iusto cum iure rerum asperiores aliquid. Repudiandae corporis rerum architecto voluptatum odit veritatis atque.',2,'2018-03-26 16:32:25','2018-03-26 16:32:25'),
	(187,66,'Alycia Terry','Quo exercitationem repellat qui impedit qui a hic unde. Cum et aut aliquid. Quidem voluptatibus odio assumenda. Ipsum assumenda accusamus sunt placeat aut voluptatem.',2,'2018-03-26 16:32:25','2018-03-26 16:32:25'),
	(188,19,'Darwin Hansen V','Ullam dolorem aliquid laboriosam ut quis qui totam. Expedita aut voluptas perferendis eum velit maiores libero. Modi rerum aut consequuntur repellendus eligendi repellendus. Quasi quia architecto libero culpa reprehenderit.',2,'2018-03-26 16:32:25','2018-03-26 16:32:25'),
	(189,85,'Ila Deckow','Quam odit assumenda velit hic eos nam. Fugiat saepe aut voluptatem alias. Voluptates aut facere necessitatibus officia cumque quia nulla reiciendis.',3,'2018-03-26 16:32:25','2018-03-26 16:32:25'),
	(190,52,'Lexi Bechtelar','Harum dolorum sit voluptate saepe. Accusamus necessitatibus eum possimus sed voluptas sit.',5,'2018-03-26 16:32:25','2018-03-26 16:32:25'),
	(191,6,'Elta Leannon','Molestiae qui iusto nesciunt vel. Mollitia voluptas est aut enim. Et similique omnis dolorum nulla repellat odit rerum. Sint nihil doloribus consequatur modi suscipit nulla voluptatem.',2,'2018-03-26 16:32:25','2018-03-26 16:32:25'),
	(192,2,'Nicklaus Heaney Jr.','Asperiores facere hic magni minus nesciunt sunt. Ut doloribus error suscipit hic rerum. Nisi velit perferendis ullam ea reprehenderit.',2,'2018-03-26 16:32:25','2018-03-26 16:32:25'),
	(193,2,'Fatima Frami','Repellat tempore ipsa necessitatibus perferendis facere quo sit. Rerum velit doloribus neque ducimus. Quam quod assumenda est accusamus iure. Nobis est nemo est sed aliquam quia.',5,'2018-03-26 16:32:25','2018-03-26 16:32:25'),
	(194,35,'Holden Shanahan','Deserunt voluptatem cupiditate ea debitis enim incidunt ipsam sequi. Natus corporis id blanditiis non ex corrupti pariatur. Cum laborum temporibus et eius.',3,'2018-03-26 16:32:25','2018-03-26 16:32:25'),
	(195,46,'Rosetta Nicolas','Deserunt odio dolores incidunt molestias et sed velit. Enim ea numquam quod libero aut deleniti. Commodi omnis rerum ipsum rerum asperiores. Cupiditate aut excepturi eveniet maiores corrupti.',2,'2018-03-26 16:32:25','2018-03-26 16:32:25'),
	(196,63,'Annie Fisher','Nulla deserunt qui alias amet ut. Et facere iure voluptates excepturi nulla fugit rerum. Quam laborum repellendus adipisci porro vitae.',5,'2018-03-26 16:32:25','2018-03-26 16:32:25'),
	(197,94,'Dr. Chaz Smith I','Et quo optio temporibus recusandae incidunt. Ea autem occaecati quam. Molestiae vel quam rem possimus nobis saepe.',5,'2018-03-26 16:32:25','2018-03-26 16:32:25'),
	(198,83,'Ryan Upton','Voluptas adipisci beatae sint omnis amet. Asperiores ut natus sed dolore illo iure inventore. Architecto nobis soluta ipsa. Autem omnis fuga nulla nihil in.',2,'2018-03-26 16:32:25','2018-03-26 16:32:25'),
	(199,1,'Dr. Jett Kutch','Sapiente ipsum voluptatem ducimus. Ea quia animi ratione. Quia rerum laudantium qui porro incidunt voluptas aut ullam. Alias perferendis est temporibus dolores.',2,'2018-03-26 16:32:25','2018-03-26 16:32:25'),
	(200,35,'Mozell Kerluke','Tenetur officiis repellendus eveniet et explicabo libero error. Qui ipsam illo earum eveniet debitis. Voluptatem ullam doloremque quidem est vel eos officia.',5,'2018-03-26 16:32:25','2018-03-26 16:32:25'),
	(201,83,'Dr. Watson Grady MD','Voluptatem saepe in beatae aut. Nulla numquam et est cum. Accusamus dolorum qui est sit. Sequi et omnis dolore saepe nihil.',2,'2018-03-26 16:32:25','2018-03-26 16:32:25'),
	(202,97,'Ms. Isabell Miller','Occaecati ipsam inventore est qui. Reiciendis aliquid ut cumque sint iusto aliquam. Eaque unde aut officia sunt ex. Culpa quia error ad sint.',2,'2018-03-26 16:32:25','2018-03-26 16:32:25'),
	(203,86,'Maudie Macejkovic','Consectetur voluptatem inventore quos nihil. Et blanditiis distinctio molestiae qui voluptas. Repudiandae at optio et ratione provident. Rerum assumenda ratione repellat rem iure neque excepturi.',3,'2018-03-26 16:32:25','2018-03-26 16:32:25'),
	(204,96,'Elaina Grant','Praesentium excepturi quidem sed. Voluptatem modi debitis voluptate quia quia et delectus eaque. Voluptas fugiat distinctio fugiat provident reiciendis. Autem ea at beatae distinctio.',4,'2018-03-26 16:32:25','2018-03-26 16:32:25'),
	(205,8,'Jeanette Tromp','Sint molestiae sunt culpa ut. Nobis aut assumenda ab exercitationem. Dolorem non repellat aspernatur at et aut perferendis. Voluptatibus nobis temporibus et corporis.',3,'2018-03-26 16:32:25','2018-03-26 16:32:25'),
	(206,66,'Fletcher Kertzmann','Autem quis amet sint soluta quia. At maiores inventore minima necessitatibus esse. Quo quibusdam expedita expedita nam harum voluptas. Unde totam aliquam voluptatem odit atque illum.',2,'2018-03-26 16:32:25','2018-03-26 16:32:25'),
	(207,70,'Prof. Clemmie Borer I','Similique voluptatem suscipit excepturi perspiciatis error autem. Id quam dolorem ut illum repellendus impedit qui. Iusto quia quos velit enim.',3,'2018-03-26 16:32:25','2018-03-26 16:32:25'),
	(208,51,'Ms. Emilie Kautzer','Accusantium impedit tempora a sit qui ut omnis. Ullam illum pariatur eveniet iusto. Ut modi est recusandae harum rerum velit.',2,'2018-03-26 16:32:25','2018-03-26 16:32:25'),
	(209,6,'Keyon Doyle','Vitae aut voluptatem velit unde voluptatibus vero quas iusto. Itaque fugit a aperiam omnis incidunt et ut amet. Quaerat modi quis ex ut deleniti voluptas distinctio. Delectus in inventore voluptas qui nihil nesciunt.',2,'2018-03-26 16:32:25','2018-03-26 16:32:25'),
	(210,20,'Arlie Stehr','Qui neque sit voluptas dolor. Sit consequatur libero et illo magni tempora amet. Iusto vero quisquam accusantium. Est optio placeat explicabo non laborum itaque est.',3,'2018-03-26 16:32:25','2018-03-26 16:32:25'),
	(211,35,'Clementina Considine Sr.','Provident natus explicabo non sunt at nulla soluta. Rerum nihil quisquam laboriosam sed totam commodi aut. Aut facilis officiis non nulla voluptatibus. Blanditiis aliquam doloribus minima ut consequatur aut.',4,'2018-03-26 16:32:25','2018-03-26 16:32:25'),
	(212,16,'Hoyt Vandervort','Ad occaecati impedit iusto odio. In aut eos saepe. Quia sint atque nulla ipsum. Quasi debitis est est enim ut quis saepe velit. Enim repellendus dolorum distinctio maiores.',5,'2018-03-26 16:32:25','2018-03-26 16:32:25'),
	(213,36,'Prof. Celestine Mayer','Et veritatis porro fuga autem sit. Illo ab quia est repellat quo ipsum cupiditate. Architecto quisquam repudiandae similique et quos necessitatibus culpa.',4,'2018-03-26 16:32:25','2018-03-26 16:32:25'),
	(214,48,'Forest Wiegand IV','Et sed vero sunt adipisci non repudiandae unde. Eos nostrum ut ut dignissimos. Ea beatae doloribus perspiciatis molestiae ut.',5,'2018-03-26 16:32:25','2018-03-26 16:32:25'),
	(215,8,'Selmer Haley','Reprehenderit est sunt tenetur adipisci. Qui qui et alias eius et consequuntur veritatis voluptatibus. Aut aut voluptatem amet quam.',2,'2018-03-26 16:32:25','2018-03-26 16:32:25'),
	(216,76,'Natalie Roberts','Suscipit ex molestiae fuga. Ipsum facilis hic optio enim quaerat. Distinctio voluptatem neque eum quis quasi.',3,'2018-03-26 16:32:25','2018-03-26 16:32:25'),
	(217,48,'Reanna Mitchell','Soluta aut tenetur quam consequatur. Consequuntur dolorem necessitatibus deserunt excepturi tenetur.',3,'2018-03-26 16:32:25','2018-03-26 16:32:25'),
	(218,20,'Carlie Bartoletti Jr.','Sint libero fugiat eos facilis delectus quidem. Reiciendis voluptates minima sed cum maxime debitis officia. Ut nihil quaerat accusamus quo est voluptatum.',5,'2018-03-26 16:32:25','2018-03-26 16:32:25'),
	(219,57,'Ms. Alene Rau','Exercitationem nam repudiandae alias id qui quibusdam dolore voluptatem. At laboriosam id reiciendis. Ut earum voluptatem itaque et est. Corporis aut est fugit. Enim a pariatur et beatae.',4,'2018-03-26 16:32:25','2018-03-26 16:32:25'),
	(220,68,'Katarina Funk PhD','In cupiditate pariatur quis quo doloribus sit eius consequatur. At nihil in est.',2,'2018-03-26 16:32:25','2018-03-26 16:32:25'),
	(221,80,'Prof. Eusebio Reinger','Cumque exercitationem ea non pariatur. Quidem earum natus provident aut. Necessitatibus officia quae aut incidunt qui nisi nihil cumque. Enim harum quis temporibus explicabo sint omnis. Assumenda ut eum quia eum sapiente optio dolor.',2,'2018-03-26 16:32:25','2018-03-26 16:32:25'),
	(222,88,'Everett Grant MD','Facilis doloremque est animi. Quod consectetur fugit autem voluptas omnis laboriosam explicabo non. Culpa quibusdam nihil dolores.',5,'2018-03-26 16:32:25','2018-03-26 16:32:25'),
	(223,41,'Audie Osinski','Ut ut voluptates cum a veritatis. Maiores dolore quasi ad aliquam sint. Expedita non nobis inventore quasi magnam.',3,'2018-03-26 16:32:25','2018-03-26 16:32:25'),
	(224,91,'Clementina Casper IV','Commodi est aut eaque. Alias deserunt ea doloremque est hic at. Qui nobis est itaque minus repudiandae magnam.',3,'2018-03-26 16:32:25','2018-03-26 16:32:25'),
	(225,29,'Maia Koch DDS','Autem ut temporibus officia consectetur. Provident dolores fugit in voluptatem et rerum beatae nihil. Eligendi et voluptas quod voluptatem blanditiis.',2,'2018-03-26 16:32:25','2018-03-26 16:32:25'),
	(226,98,'Mayra Harber DDS','Vel quaerat eligendi laudantium aliquam corporis ut et. Eos sit laudantium vitae. Ipsum illum porro officia nihil aut omnis.',4,'2018-03-26 16:32:25','2018-03-26 16:32:25'),
	(227,16,'Miles Feeney','Dicta atque et quas ipsum ex. Ut porro optio similique voluptate accusamus a. Ut harum illum quia rerum eos voluptatem. In delectus perspiciatis fuga sapiente iure quos nostrum.',3,'2018-03-26 16:32:25','2018-03-26 16:32:25'),
	(228,66,'Mohammed Larson','Commodi officia eaque tenetur qui totam. Ipsum facere repellendus cumque vel aut ut sit. Exercitationem dolor cumque temporibus tempore fuga temporibus dolores.',2,'2018-03-26 16:32:25','2018-03-26 16:32:25'),
	(229,78,'Claudia Schinner','Laboriosam ex dicta et aut nobis ab aspernatur. Eveniet enim similique iste laborum est qui. Voluptate exercitationem minima harum eaque sint totam. Voluptate perspiciatis voluptas pariatur.',3,'2018-03-26 16:32:25','2018-03-26 16:32:25'),
	(230,10,'Arvid Hayes','Repellendus est voluptatum fugit architecto nihil voluptas optio. Corrupti et architecto corrupti qui qui recusandae. Dicta nulla voluptates qui. Fuga dolorem laboriosam voluptatum molestiae facilis ipsum voluptatem.',2,'2018-03-26 16:32:25','2018-03-26 16:32:25'),
	(231,96,'Daisha Bechtelar','Eveniet tempora quaerat et magnam. Harum optio id enim qui. Reprehenderit accusantium vero culpa et velit.',4,'2018-03-26 16:32:25','2018-03-26 16:32:25'),
	(232,18,'America Weimann','Est rerum ex fuga ut sint unde minima. Consequatur esse nisi aliquid soluta. Modi et nulla repellendus.',5,'2018-03-26 16:32:25','2018-03-26 16:32:25'),
	(233,6,'Dameon Hickle V','Dolores aspernatur rerum blanditiis qui adipisci. Omnis fugit neque eum quaerat ab distinctio. Consequatur inventore facere voluptatem amet.',5,'2018-03-26 16:32:25','2018-03-26 16:32:25'),
	(234,69,'Norene Beatty DDS','Distinctio dolorum voluptate aut illum voluptas sint facere quaerat. Velit qui fuga perferendis minus non iure ut. Et amet tenetur fugit reprehenderit.',2,'2018-03-26 16:32:25','2018-03-26 16:32:25'),
	(235,80,'Prof. Vladimir Fahey Jr.','Quia veniam voluptatibus vitae ut. Corrupti mollitia ut magnam totam odio fuga quis.',2,'2018-03-26 16:32:25','2018-03-26 16:32:25'),
	(236,34,'Corbin Bechtelar','Itaque sed non consequatur qui magnam eum. Neque ratione in maxime nobis voluptatem. Quis optio recusandae dicta. Odio non natus ea occaecati rem.',4,'2018-03-26 16:32:25','2018-03-26 16:32:25'),
	(237,49,'Daniella Boehm','Maiores velit id veniam officia dolor inventore laborum. Laboriosam quibusdam ea molestiae ut dolorem deleniti. Et dolor nobis incidunt.',4,'2018-03-26 16:32:25','2018-03-26 16:32:25'),
	(238,83,'Simeon Jenkins','Provident id recusandae ratione magnam sed. Repellat vel beatae qui earum fugiat praesentium quo.',4,'2018-03-26 16:32:25','2018-03-26 16:32:25'),
	(239,95,'Samantha Kihn','Necessitatibus repellendus ullam ad aut reprehenderit aut ad. Repellendus consequatur asperiores quis consequatur qui accusantium. A distinctio quod quia voluptates. Hic aut dolor voluptas minus et rerum assumenda quia.',2,'2018-03-26 16:32:25','2018-03-26 16:32:25'),
	(240,35,'Tyra Gleichner','Optio harum et nam aliquam. Minus aut temporibus nesciunt quia. Dolor totam dolorem consectetur assumenda voluptatem quos. Dicta quaerat voluptas autem ab sint quidem id consequuntur.',2,'2018-03-26 16:32:25','2018-03-26 16:32:25'),
	(241,81,'Emelie Quigley','Est velit labore eos necessitatibus id alias exercitationem. Reprehenderit quia fuga sed sit deleniti fuga aut.',2,'2018-03-26 16:32:25','2018-03-26 16:32:25'),
	(242,64,'Ibrahim Ankunding','Minima explicabo quaerat ullam modi possimus. Cumque placeat ut ad est eius tempore. Magni dolorem dicta a.',2,'2018-03-26 16:32:25','2018-03-26 16:32:25'),
	(243,12,'Alejandrin Jacobi','Et fugiat officiis aut optio eos id. Autem non repudiandae non aspernatur. Totam omnis dolor rem sed fugit non possimus deserunt. Ducimus sed consectetur eaque repudiandae deleniti maiores.',4,'2018-03-26 16:32:25','2018-03-26 16:32:25'),
	(244,49,'Donna Gibson','Vel nostrum ipsam non dolorem labore molestiae enim. Rerum velit et nobis eius delectus culpa tempore. Harum nesciunt odio ut eveniet eligendi et. Perferendis maiores ad amet molestiae necessitatibus quasi officiis.',5,'2018-03-26 16:32:25','2018-03-26 16:32:25'),
	(245,16,'Waino Morissette','Aut consequatur non enim laboriosam. Quas illum error sed. Vel quibusdam qui quibusdam molestias.',4,'2018-03-26 16:32:25','2018-03-26 16:32:25'),
	(246,61,'Dr. Bria Frami II','Architecto sed nostrum praesentium sunt repellendus. Repudiandae dolor vero est voluptate a. Dolor autem inventore autem culpa dolorem. Quae commodi culpa ut qui minus facere sed quia.',3,'2018-03-26 16:32:25','2018-03-26 16:32:25'),
	(247,32,'Mrs. Elody Lehner Jr.','Ab itaque reiciendis vero consequatur magni saepe. Impedit deleniti ut odio. Non aut ut impedit est iusto sint. Consequatur qui vero porro.',3,'2018-03-26 16:32:25','2018-03-26 16:32:25'),
	(248,60,'Ms. Leda Runolfsdottir','Libero in autem deserunt minus sit. Quae iste ut eveniet vel. Aut et eos alias dolor.',2,'2018-03-26 16:32:25','2018-03-26 16:32:25'),
	(249,16,'Megane Ryan','Aut sed modi quos est omnis. At mollitia harum quaerat molestias eos vitae nam. Dolores qui dolores cum ratione alias in vero optio. Voluptatem nemo architecto ut laboriosam quibusdam delectus. Recusandae ducimus unde praesentium sequi est rem quis.',2,'2018-03-26 16:32:25','2018-03-26 16:32:25'),
	(250,28,'Greg Mertz MD','Recusandae molestias reiciendis doloremque nihil. Quo sed quia pariatur odio odit molestiae qui odit. Nostrum laboriosam est temporibus ea neque. Ullam illo nobis eum est dolores ut.',4,'2018-03-26 16:32:25','2018-03-26 16:32:25'),
	(251,17,'Golden Howell','Rerum modi occaecati sed corporis id occaecati. Quo sint reiciendis nam soluta. Nihil optio illum et consequuntur eligendi. Qui velit iusto vel dignissimos iusto.',4,'2018-03-26 16:32:25','2018-03-26 16:32:25'),
	(252,9,'Zelma Thiel III','Cum a voluptatem ipsam laboriosam quis. Est ut repellendus officiis deleniti. Voluptates iure accusamus quia blanditiis. Ad maxime officia rem neque ducimus.',4,'2018-03-26 16:32:25','2018-03-26 16:32:25'),
	(253,10,'Evalyn Halvorson','Omnis fuga enim explicabo delectus nihil animi non. Tenetur rem ut eum iste ut at ut. Sequi error et autem voluptatem quam.',4,'2018-03-26 16:32:25','2018-03-26 16:32:25'),
	(254,44,'Dr. Brady Pouros DDS','Rem praesentium libero dolor commodi. Nostrum sit corporis nostrum quia. Necessitatibus ducimus velit voluptas reiciendis perspiciatis.',2,'2018-03-26 16:32:25','2018-03-26 16:32:25'),
	(255,56,'Sheldon Swaniawski','Ut quod dolore non nihil ut. Quisquam atque illum vero. Neque occaecati saepe quas quidem beatae.',3,'2018-03-26 16:32:25','2018-03-26 16:32:25'),
	(256,62,'Tabitha Moore','Iste a deserunt magni incidunt hic cum vitae. Odit qui sint minima est. Alias quia consectetur perferendis voluptatem nulla quas.',4,'2018-03-26 16:32:25','2018-03-26 16:32:25'),
	(257,72,'Verla Krajcik','Totam cupiditate et aut dolor aut ut quam. Eligendi et ipsa fugit qui accusamus. Ut molestias ipsum repellendus voluptates voluptatem dolore quis. Assumenda consequatur officia rem sint.',3,'2018-03-26 16:32:25','2018-03-26 16:32:25'),
	(258,18,'Arielle Gusikowski DVM','Aliquid non est incidunt sit ex. Voluptate architecto qui maxime fugit possimus aliquid molestiae vel. Ut voluptatem esse inventore consectetur voluptate ut et. Mollitia explicabo ut ut ducimus nulla aut. Dolorem reiciendis architecto quidem illo.',2,'2018-03-26 16:32:25','2018-03-26 16:32:25'),
	(259,91,'Billie DuBuque','Consequatur a iusto voluptates sint in aut. Dolor aut aut qui deleniti distinctio sunt eaque. Qui voluptatem et quae. Quo veritatis qui perferendis nam.',3,'2018-03-26 16:32:25','2018-03-26 16:32:25'),
	(260,35,'Otho Reinger','Voluptas quidem aspernatur consequatur dignissimos minus. Doloribus iusto qui voluptate natus. Iste et eos consectetur inventore.',2,'2018-03-26 16:32:25','2018-03-26 16:32:25'),
	(261,77,'Antonietta Bahringer','Quasi labore unde quidem praesentium. Sit iusto at cumque ratione tempore voluptatem. Recusandae quae omnis facilis sed.',3,'2018-03-26 16:32:25','2018-03-26 16:32:25'),
	(262,62,'Gideon Lakin','Laboriosam doloremque cum quasi ipsam voluptatem deleniti. Laborum omnis unde itaque optio impedit autem maiores. Libero voluptatum mollitia ab consectetur aspernatur dolores sint nesciunt. Sequi harum nobis et et perferendis deleniti molestiae.',5,'2018-03-26 16:32:25','2018-03-26 16:32:25'),
	(263,42,'Howard Vandervort','Corrupti voluptatem sit maxime reprehenderit illum et. Dolor nihil neque repellat non et. Eius et numquam magni sapiente explicabo consequatur est.',5,'2018-03-26 16:32:25','2018-03-26 16:32:25'),
	(264,54,'Aurore Kuhn','Voluptatibus neque sequi ut quasi necessitatibus possimus. Autem voluptas magni sint. Hic velit atque voluptatem qui eum nostrum numquam rerum. Eos nostrum nemo non velit in similique.',4,'2018-03-26 16:32:25','2018-03-26 16:32:25'),
	(265,24,'Shanelle Beatty DDS','Id et assumenda eveniet ut soluta sunt. Maxime consequuntur autem rerum expedita quia quisquam. At ut nisi molestiae libero sequi perferendis ut. Ut assumenda impedit fugit harum culpa quo fuga.',2,'2018-03-26 16:32:25','2018-03-26 16:32:25'),
	(266,4,'Miss Wilma Pollich','Maiores maiores architecto sed molestiae quae. Reprehenderit tempora harum fugiat recusandae temporibus tenetur fugiat. Ratione voluptatem et qui.',5,'2018-03-26 16:32:25','2018-03-26 16:32:25'),
	(267,35,'Ms. Sydni Kessler IV','Sunt corrupti similique consequatur ut ad eligendi. Earum voluptas adipisci voluptatem et consequatur quis. Rerum qui quis aliquam nihil illum eaque.',4,'2018-03-26 16:32:25','2018-03-26 16:32:25'),
	(268,98,'Jerod Medhurst','Velit architecto non voluptate tenetur error. Nihil velit in incidunt doloremque ut possimus voluptatibus. Nisi earum aut perferendis aperiam. Qui sunt eum aut ipsum sint ea provident.',4,'2018-03-26 16:32:25','2018-03-26 16:32:25'),
	(269,44,'Gloria Daniel','Quasi aut quaerat aut dolorem. Modi iusto quae eum voluptatibus ducimus laudantium. Beatae quas minima ipsam reprehenderit est qui.',5,'2018-03-26 16:32:25','2018-03-26 16:32:25'),
	(270,92,'Miss Laney Mills','Explicabo et voluptatum nostrum dolores occaecati. Quia distinctio dolorum quibusdam. Temporibus quo nemo consequuntur porro eum accusamus earum est.',2,'2018-03-26 16:32:25','2018-03-26 16:32:25'),
	(271,17,'Aubree Abernathy','Maiores voluptatibus dolore et quis quidem consectetur. Eaque sed velit maiores est. Nobis debitis et qui nam.',4,'2018-03-26 16:32:25','2018-03-26 16:32:25'),
	(272,73,'Andrew Abshire IV','Assumenda eos et aut amet dolorem blanditiis. Ducimus et quod magnam fugiat eos. Nesciunt harum voluptatem facilis consequuntur temporibus aut asperiores. Impedit tenetur quibusdam eius est nulla.',5,'2018-03-26 16:32:25','2018-03-26 16:32:25'),
	(273,37,'Dr. Franco VonRueden','Libero occaecati sed est exercitationem. Debitis rem dolorem aut assumenda. Ex aspernatur similique unde doloribus et itaque ipsum. Qui facilis beatae iusto non asperiores et.',2,'2018-03-26 16:32:25','2018-03-26 16:32:25'),
	(274,13,'Dewayne Schaden','Enim tempore consequatur odit suscipit ea quaerat sapiente. Perferendis ab hic voluptate dolor. Consequuntur voluptate laborum quia voluptates corporis voluptas blanditiis expedita. Ut pariatur est cupiditate velit incidunt et.',2,'2018-03-26 16:32:25','2018-03-26 16:32:25'),
	(275,5,'Myrtice Johnston','Placeat quas sapiente omnis possimus sint. Aut saepe eos eos est a laborum. Natus facilis et non. Quis quisquam molestias accusantium dolorem corrupti quos impedit.',5,'2018-03-26 16:32:25','2018-03-26 16:32:25'),
	(276,16,'Meaghan Haley','Qui fuga et sint atque placeat aliquam officiis. Culpa aut numquam ipsum id voluptas est animi. Aut eaque aut sunt nesciunt. Voluptatum alias fugiat aperiam odio doloremque in.',5,'2018-03-26 16:32:25','2018-03-26 16:32:25'),
	(277,27,'Mr. Cleo Sipes Jr.','Sequi eveniet eius consectetur culpa necessitatibus veritatis non. Ipsum cupiditate consequatur doloribus rerum consectetur ratione. Et quis vel voluptas libero ea beatae.',2,'2018-03-26 16:32:25','2018-03-26 16:32:25'),
	(278,59,'Prof. Arjun Keeling MD','Id expedita distinctio quia rem vel vitae tenetur quo. Aliquam molestias tempore incidunt at corrupti esse. Cupiditate eum sint labore harum non nesciunt odio.',3,'2018-03-26 16:32:25','2018-03-26 16:32:25'),
	(279,44,'Emmie Oberbrunner','Occaecati iste amet eum maiores numquam quis velit. Sequi odit repellat iure expedita. Nesciunt expedita omnis qui reiciendis.',3,'2018-03-26 16:32:25','2018-03-26 16:32:25'),
	(280,92,'Albertha Smitham','Iure magni a qui quia vel dolores consequatur iure. Dolor eveniet aliquid et enim. Vitae quo unde quas aut eum modi. Totam libero omnis blanditiis consectetur id aliquam minus tempore. Similique distinctio accusantium aut nam.',4,'2018-03-26 16:32:25','2018-03-26 16:32:25'),
	(281,71,'Loyce Wolf Sr.','Odit excepturi facere ut sed tenetur. Quo alias odit alias nihil amet praesentium. Deserunt est enim assumenda earum pariatur nulla. Omnis consequatur vero enim totam nihil omnis.',5,'2018-03-26 16:32:25','2018-03-26 16:32:25'),
	(282,41,'Kailey Konopelski','Ab praesentium voluptate omnis nobis molestias quia corporis. Voluptas sunt beatae vel alias voluptatum. Molestiae cupiditate eum consequatur natus natus. Quos quaerat voluptas qui quia quo.',2,'2018-03-26 16:32:25','2018-03-26 16:32:25'),
	(283,63,'Cedrick Kovacek','Minima dolor deserunt fugit. Voluptates consequatur quasi saepe aut inventore. Sed et voluptates asperiores qui.',3,'2018-03-26 16:32:25','2018-03-26 16:32:25'),
	(284,74,'Mrs. Alice Wintheiser','Quos assumenda aut reprehenderit beatae dicta omnis. Excepturi tenetur odit veniam maxime ex. Non officiis quasi qui natus quas quo nostrum totam. Ipsum distinctio totam aut a nisi dicta. Aliquam nemo possimus repellendus.',5,'2018-03-26 16:32:25','2018-03-26 16:32:25'),
	(285,95,'Rosemary Aufderhar','Voluptatum et est qui. Molestias et explicabo assumenda accusamus qui ducimus. Aut et nulla tempore commodi quia itaque.',4,'2018-03-26 16:32:25','2018-03-26 16:32:25'),
	(286,57,'Rachelle Frami','Ipsum atque tempora non eum laborum autem velit. Non et exercitationem impedit error culpa et quia consequatur. Ipsa omnis eum excepturi sed blanditiis expedita aperiam possimus. Voluptas beatae alias aspernatur. Error voluptatem ut fugit nostrum totam totam ut aliquam.',2,'2018-03-26 16:32:25','2018-03-26 16:32:25'),
	(287,26,'Hunter Jast','In officiis saepe sint eos odit aut et. Reiciendis rerum est quisquam suscipit aut.',3,'2018-03-26 16:32:25','2018-03-26 16:32:25'),
	(288,62,'Prof. Alford Gorczany I','Perspiciatis accusamus consequatur expedita dolorem praesentium ut praesentium. Dicta reprehenderit magni sint sit. Pariatur voluptatem at quasi.',4,'2018-03-26 16:32:25','2018-03-26 16:32:25'),
	(289,19,'Marjory Gulgowski','Minus autem tempora illum voluptatibus. Voluptatem quaerat sapiente in. Assumenda eos recusandae ut et explicabo. Dolorem nesciunt officia reprehenderit molestiae.',2,'2018-03-26 16:32:25','2018-03-26 16:32:25'),
	(290,2,'Araceli Becker','Aut aut autem tenetur qui molestias harum ut delectus. Consequatur provident itaque ut eaque consequatur a. Enim sint qui cupiditate veritatis.',4,'2018-03-26 16:32:25','2018-03-26 16:32:25'),
	(291,83,'Rickie Shields','Dolores saepe eligendi et voluptate placeat. Et quia error iste. Ipsa magni minus consequatur quia. Laborum itaque voluptate fugit.',3,'2018-03-26 16:32:25','2018-03-26 16:32:25'),
	(292,4,'Mrs. Renee Rosenbaum','Deleniti labore quia cumque fugiat similique accusamus labore. In consectetur libero pariatur aut numquam.',3,'2018-03-26 16:32:25','2018-03-26 16:32:25'),
	(293,13,'Ms. Lilliana Schmidt MD','Omnis ad aut nobis quia earum facilis ut. Velit molestiae ex sed culpa. Placeat dolor molestias impedit voluptatem. Optio placeat autem quasi eum ducimus.',2,'2018-03-26 16:32:25','2018-03-26 16:32:25'),
	(294,33,'Sister Marquardt V','Quo sit nesciunt natus iste qui. Sunt cum omnis amet nobis consequatur. Reprehenderit et minima voluptas qui sint culpa. Aperiam et tenetur pariatur ea quia hic dolor. Totam deleniti voluptatem tempora rerum omnis.',4,'2018-03-26 16:32:25','2018-03-26 16:32:25'),
	(295,81,'Prof. Esperanza Rogahn','Et nesciunt ex dolores saepe. Tenetur id voluptas nobis totam harum ea veniam aliquam. Saepe facilis est sed molestias tempore doloremque.',3,'2018-03-26 16:32:25','2018-03-26 16:32:25'),
	(296,26,'Lila Gislason Sr.','Debitis doloribus quia ut. Dolor deserunt rem illo sequi perferendis eaque recusandae. Omnis possimus quia maiores.',3,'2018-03-26 16:32:25','2018-03-26 16:32:25'),
	(297,46,'Daniella Rau I','Voluptatem autem quia in nostrum qui nostrum. Saepe et quibusdam earum adipisci.',3,'2018-03-26 16:32:25','2018-03-26 16:32:25'),
	(298,66,'Franco Little','Cumque doloremque fugiat architecto nihil voluptatum aut. Sit voluptates alias quam. Eum quidem omnis eius.',5,'2018-03-26 16:32:25','2018-03-26 16:32:25'),
	(299,45,'Mr. Dedric Ankunding V','Quasi molestiae voluptas in consequatur velit in officiis. Sunt tempora praesentium mollitia ipsum facilis sit. Iste doloribus aut accusantium accusamus officia ex culpa.',5,'2018-03-26 16:32:25','2018-03-26 16:32:25'),
	(300,59,'Prof. Alicia Kuvalis','Nostrum doloribus amet dignissimos id. Nihil sapiente ullam quisquam quasi voluptatem rerum nulla. Labore est ut ut quibusdam eos illo recusandae.',3,'2018-03-26 16:32:25','2018-03-26 16:32:25');

/*!40000 ALTER TABLE `reviews` ENABLE KEYS */;
UNLOCK TABLES;


# Dump of table users
# ------------------------------------------------------------

DROP TABLE IF EXISTS `users`;

CREATE TABLE `users` (
  `id` int(10) unsigned NOT NULL AUTO_INCREMENT,
  `name` varchar(255) COLLATE utf8mb4_unicode_ci NOT NULL,
  `email` varchar(255) COLLATE utf8mb4_unicode_ci NOT NULL,
  `password` varchar(255) COLLATE utf8mb4_unicode_ci NOT NULL,
  `remember_token` varchar(100) COLLATE utf8mb4_unicode_ci DEFAULT NULL,
  `created_at` timestamp NULL DEFAULT NULL,
  `updated_at` timestamp NULL DEFAULT NULL,
  PRIMARY KEY (`id`),
  UNIQUE KEY `users_email_unique` (`email`)
) ENGINE=InnoDB DEFAULT CHARSET=utf8mb4 COLLATE=utf8mb4_unicode_ci;




/*!40111 SET SQL_NOTES=@OLD_SQL_NOTES */;
/*!40101 SET SQL_MODE=@OLD_SQL_MODE */;
/*!40014 SET FOREIGN_KEY_CHECKS=@OLD_FOREIGN_KEY_CHECKS */;
/*!40101 SET CHARACTER_SET_CLIENT=@OLD_CHARACTER_SET_CLIENT */;
/*!40101 SET CHARACTER_SET_RESULTS=@OLD_CHARACTER_SET_RESULTS */;
/*!40101 SET COLLATION_CONNECTION=@OLD_COLLATION_CONNECTION */;
